/*
 Navicat Premium Data Transfer

 Source Server         : localhost_3306
 Source Server Type    : MySQL
 Source Server Version : 50717
 Source Host           : localhost:3306
 Source Schema         : shop

 Target Server Type    : MySQL
 Target Server Version : 50717
 File Encoding         : 65001

 Date: 09/08/2021 15:50:41
*/

SET NAMES utf8mb4;
SET FOREIGN_KEY_CHECKS = 0;

-- ----------------------------
-- Table structure for chatmsg
-- ----------------------------
DROP TABLE IF EXISTS `chatmsg`;
CREATE TABLE `chatmsg`  (
                            `senduserid` varchar(64) CHARACTER SET utf8mb4 COLLATE utf8mb4_general_ci NULL DEFAULT NULL COMMENT '发送者id',
                            `reciveuserid` varchar(64) CHARACTER SET utf8mb4 COLLATE utf8mb4_general_ci NULL DEFAULT NULL COMMENT '接收者id',
                            `content` text CHARACTER SET utf8mb4 COLLATE utf8mb4_general_ci NULL COMMENT '发送内容',
                            `sendtime` timestamp(0) NULL DEFAULT CURRENT_TIMESTAMP(0) COMMENT '发送时间',
                            `msgtype` varchar(64) CHARACTER SET utf8mb4 COLLATE utf8mb4_general_ci NULL DEFAULT NULL COMMENT '消息类型'
) ENGINE = InnoDB CHARACTER SET = utf8mb4 COLLATE = utf8mb4_general_ci ROW_FORMAT = Dynamic;


-- ----------------------------
-- Table structure for traderecord
-- ----------------------------
DROP TABLE IF EXISTS `traderecord`;
CREATE TABLE `traderecord`  (
        `id` int(11) NOT NULL AUTO_INCREMENT,
        `from` varchar(255) CHARACTER SET utf8 COLLATE utf8_general_ci NULL DEFAULT NULL COMMENT '资金流出',
        `to` varchar(255) CHARACTER SET utf8 COLLATE utf8_general_ci NULL DEFAULT NULL COMMENT '资金流入',
        `money` decimal(55, 2) NULL DEFAULT NULL COMMENT '交易金额',
        `tradetime` datetime NULL DEFAULT NULL ON UPDATE CURRENT_TIMESTAMP,
         PRIMARY KEY (`id`) USING BTREE
) ENGINE = InnoDB AUTO_INCREMENT = 1 CHARACTER SET = utf8 COLLATE = utf8_general_ci ROW_FORMAT = Dynamic;

-- ----------------------------
-- Records of chatmsg
-- ----------------------------
INSERT INTO `chatmsg` VALUES ('1577713712942250291', '1582184795951594874', '你好', '2020-04-18 18:07:49', '0');
INSERT INTO `chatmsg` VALUES ('1582184795951594874', '1577713712942250291', '有人吗', '2020-04-26 15:43:47', '0');
INSERT INTO `chatmsg` VALUES ('1577713712942250291', '1582184795951594874', '你好', '2020-04-26 15:46:51', '0');
INSERT INTO `chatmsg` VALUES ('1582184795951594874', '1577713712942250291', '商品怎么卖', '2020-04-26 15:47:42', '0');
INSERT INTO `chatmsg` VALUES ('1577713712942250291', '1582184795951594874', '便宜点', '2020-04-26 15:47:56', '0');
INSERT INTO `chatmsg` VALUES ('1577713712942250291', '1582184795951594874', '你好，想问你一些问题可以吗？', '2020-05-17 14:09:30', '0');
INSERT INTO `chatmsg` VALUES ('1582184795951594874', '1577713712942250291', '什么事', '2020-05-17 14:11:19', '0');
INSERT INTO `chatmsg` VALUES ('1577713712942250291', '1582184795951594874', '商品现在怎么样', '2020-05-17 14:11:41', '0');
INSERT INTO `chatmsg` VALUES ('1582184795951594874', '1577713712942250291', '111', '2021-02-25 10:58:00', '0');
INSERT INTO `chatmsg` VALUES ('1577713712942250291', '1582184795951594874', '2222', '2021-02-25 10:58:09', '0');
INSERT INTO `chatmsg` VALUES ('1577713712942250291', '1582184795951594874', '1111', '2021-02-25 10:58:41', '0');
INSERT INTO `chatmsg` VALUES ('1582184795951594874', '1577713712942250291', '222', '2021-02-25 10:58:43', '0');
INSERT INTO `chatmsg` VALUES ('1577713712942250291', '1582184795951594874', '222', '2021-02-25 10:58:46', '0');
INSERT INTO `chatmsg` VALUES ('1582184795951594874', '1577713712942250291', '222', '2021-02-25 10:58:49', '0');
INSERT INTO `chatmsg` VALUES ('1582184795951594874', '1577713712942250291', '111', '2021-02-25 10:58:52', '0');
INSERT INTO `chatmsg` VALUES ('1577713712942250291', '1582184795951594874', '2222', '2021-02-25 10:58:53', '0');
INSERT INTO `chatmsg` VALUES ('1577713712942250291', '1587889073148226284', '1111', '2021-02-25 11:51:58', '0');
INSERT INTO `chatmsg` VALUES ('1587889073148226284', '1577713712942250291', '2222', '2021-02-25 11:52:04', '0');
INSERT INTO `chatmsg` VALUES ('1587889073148226284', '1577713712942250291', '111', '2021-02-25 11:52:07', '0');
INSERT INTO `chatmsg` VALUES ('1582184795951594874', '1577713712942250291', '111', '2021-02-25 12:04:47', '0');
INSERT INTO `chatmsg` VALUES ('1577713712942250291', '1582184795951594874', '222', '2021-02-25 12:05:01', '0');
INSERT INTO `chatmsg` VALUES ('1582184795951594874', '1577713712942250291', '111', '2021-02-25 12:05:03', '0');
INSERT INTO `chatmsg` VALUES ('1577713712942250291', '1582184795951594874', '111', '2021-03-08 12:33:20', '0');
INSERT INTO `chatmsg` VALUES ('1582184795951594874', '1577713712942250291', '22121', '2021-03-08 12:33:30', '0');
INSERT INTO `chatmsg` VALUES ('1577713712942250291', '1582184795951594874', '你好', '2021-03-08 13:04:23', '0');
INSERT INTO `chatmsg` VALUES ('1582184795951594874', '1577713712942250291', '111', '2021-03-08 13:04:28', '0');
INSERT INTO `chatmsg` VALUES ('1582184795951594874', '1577713712942250291', '你好', '2021-03-08 13:19:00', '0');
INSERT INTO `chatmsg` VALUES ('1582184795951594874', '1577713712942250291', '11', '2021-03-08 13:19:28', '0');
INSERT INTO `chatmsg` VALUES ('1582184795951594874', '1577713712942250291', '亲们', '2021-03-08 13:19:55', '0');
INSERT INTO `chatmsg` VALUES ('1577713712942250291', '1582184795951594874', '你好', '2021-03-08 13:20:09', '0');
INSERT INTO `chatmsg` VALUES ('1582184795951594874', '1577713712942250291', '123', '2021-03-08 13:20:26', '0');
INSERT INTO `chatmsg` VALUES ('1577713712942250291', '1582184795951594874', '123', '2021-03-08 13:22:50', '0');

-- ----------------------------
-- Table structure for collect
-- ----------------------------
DROP TABLE IF EXISTS `collect`;
CREATE TABLE `collect`  (
                            `id` varchar(64) CHARACTER SET utf8mb4 COLLATE utf8mb4_general_ci NOT NULL COMMENT '收藏id',
                            `commid` varchar(64) CHARACTER SET utf8mb4 COLLATE utf8mb4_general_ci NOT NULL COMMENT '商品id',
                            `commname` varchar(255) CHARACTER SET utf8mb4 COLLATE utf8mb4_general_ci NULL DEFAULT NULL COMMENT '商品名',
                            `commdesc` varchar(255) CHARACTER SET utf8mb4 COLLATE utf8mb4_general_ci NULL DEFAULT NULL COMMENT '商品描述',
                            `soldtime` timestamp(0) NULL DEFAULT CURRENT_TIMESTAMP(0) COMMENT '收藏时间',
                            `collstatus` int(10) NULL DEFAULT 1 COMMENT '0失效 1正常 2删除',
                            `cmuserid` varchar(64) CHARACTER SET utf8mb4 COLLATE utf8mb4_general_ci NOT NULL COMMENT '商品用户id',
                            `username` varchar(255) CHARACTER SET utf8mb4 COLLATE utf8mb4_general_ci NULL DEFAULT NULL COMMENT '商品用户名',
                            `school` varchar(255) CHARACTER SET utf8mb4 COLLATE utf8mb4_general_ci NULL DEFAULT NULL COMMENT '商品所在学校',
                            `couserid` varchar(64) CHARACTER SET utf8mb4 COLLATE utf8mb4_general_ci NOT NULL COMMENT '收藏用户id',
                            PRIMARY KEY (`id`) USING BTREE
) ENGINE = InnoDB CHARACTER SET = utf8mb4 COLLATE = utf8mb4_general_ci ROW_FORMAT = Dynamic;

-- ----------------------------
-- Records of collect
-- ----------------------------
INSERT INTO `collect` VALUES ('1587114966615640492', '1583938997302470599', '旅行套装60ml三件套', '悦美时刻 INS北欧风化妆品分装瓶旅行套装60ml三件套 软管挤压式乳液瓶 清洁消毒分装瓶 便携空瓶 60ml*3(北欧色三件套）', '2020-04-17 17:16:06', 1, '1582184795951594874', '猫儿', '北京大学', '1582184795951594874');
INSERT INTO `collect` VALUES ('1587871913598887497', '1583935356645701706', 'Python神经网络编程', 'Python神经网络编程Python神经网络编程Python神经网络编程Python神经网络编程', '2020-04-26 11:31:53', 1, '1577713712942250291', '猫给这儿', '清华大学', '1582184795951594874');
INSERT INTO `collect` VALUES ('1587871944600984372', '1583935476800117681', '物联网Python开发实战', '物联网Python开发实战物联网Python开发实战物联网Python开发实战物联网Python开发实战物联网Python开发实战', '2020-04-26 11:32:24', 1, '1577713712942250291', '猫给这儿', '清华大学', '1582184795951594874');
INSERT INTO `collect` VALUES ('1587872087231252520', '1583940546885846474', '爱玛电动车 小爱蜜', '爱玛电动车 小爱蜜 电动自行车学生代步电瓶车 前后真空胎 带脚踏 加长舒适后减震 3C大证 新国标 奶白咖啡 新国标', '2020-04-26 11:34:47', 2, '1582184795951594874', '猫儿', '北京大学', '1582184795951594874');
INSERT INTO `collect` VALUES ('1587872099399999785', '1583937015909416441', '中文版3ds Max 2016从入门到精通', '中文版3ds Max 2016从入门到精通（全彩印 微课视频版）243集视频讲解171个实例案例3dmax教程', '2020-04-26 11:34:59', 1, '1582184795951594874', '猫儿', '清华大学', '1582184795951594874');
INSERT INTO `collect` VALUES ('1589541027690999055', '1583935120549879620', 'Python全栈开发三剑客 （京东套装共3册）', 'Python全栈开发三剑客 （京东套装共3册）Python全栈开发三剑客 （京东套装共3册）Python全栈开发三剑客 （京东套装共3册）Python全栈开发三剑客 （京东套装共3册）', '2020-05-15 19:10:27', 2, '1577713712942250291', '猫给这儿', '清华大学', '1582184795951594874');
INSERT INTO `collect` VALUES ('1614221447664520109', '1583937153164789685', '男士外套春秋2020', '花花公子(PLAYBOY) 男士外套春秋2020新款韩版潮流帅气春装棒球服机能休闲夹克 军绿色 XL', '2021-02-25 10:50:47', 2, '1577713712942250291', '猫给这儿', '清华大学', '1577713712942250291');
INSERT INTO `collect` VALUES ('1614221555284867221', '1583941398323204767', ' 萨伽单木吉他', '萨伽SAGA 单板民谣吉他面单木吉他41寸40寸吉它初学者乐器 云杉原木色 SF700C 41寸缺角', '2021-02-25 10:52:35', 1, '1582184795951594874', '猫儿', '北京大学', '1577713712942250291');
INSERT INTO `collect` VALUES ('1615178016456989911', '1583940546885846474', '爱玛电动车 小爱蜜', '爱玛电动车 小爱蜜 电动自行车学生代步电瓶车 前后真空胎 带脚踏 加长舒适后减震 3C大证 新国标 奶白咖啡 新国标', '2021-03-08 12:33:36', 2, '1582184795951594874', '猫儿', '北京大学', '1577713712942250291');
INSERT INTO `collect` VALUES ('1615179809643184421', '1583937436355876950', '活着', '书名：活着 该本书是25周年典藏纪念版 余华小说作品集', '2021-03-08 13:03:29', 1, '1582184795951594874', '猫儿', '北京大学', '1577713712942250291');
INSERT INTO `collect` VALUES ('1615180208107888982', '1583937436355876950', '活着', '书名：活着 该本书是25周年典藏纪念版 余华小说作品集', '2021-03-08 13:10:08', 1, '1582184795951594874', '猫儿', '北京大学', '1589628308220845788');
INSERT INTO `collect` VALUES ('1615180719155778408', '1583937609451390776', '茶花 漱口杯刷牙杯子', '茶花 漱口杯刷牙杯子牙刷杯牙缸洗漱杯水杯 257004 艾特斯系列', '2021-03-08 13:18:39', 1, '1582184795951594874', '猫儿', '清华大学', '1582184795951594874');
INSERT INTO `collect` VALUES ('1625645877383798979', '1583935025023726250', 'Python 3网络爬虫开发实战', 'Python 3网络爬虫开发实战Python 3网络爬虫开发实战Python 3网络爬虫开发实战', '2021-07-07 16:17:57', 1, '1577713712942250291', '理木客', '清华大学', '1582184795951594874');
INSERT INTO `collect` VALUES ('1627097925010372098', '1583935211397204485', '基于Python的大数据分析基础及实战', '基于Python的大数据分析基础及实战基于Python的大数据分析基础及实战基于Python的大数据分析基础及实战基于Python的大数据分析基础及实战', '2021-07-24 11:38:45', 2, '1577713712942250291', '理木客', '清华大学', '1582184795951594874');
INSERT INTO `collect` VALUES ('1627745216707805903', '1583937436355876950', '活着', '书名：活着 该本书是25周年典藏纪念版 余华小说作品集', '2021-07-31 23:26:56', 1, '1582184795951594874', '猫儿', '北京大学', '1582184795951594874');
INSERT INTO `collect` VALUES ('1627810512042386205', '1627810219490284344', '【全新】雅马哈F600吉他升级版', '吉他在正规授权专卖店购入，原价1000多，官网可查，保修卡，合格证，说明书，防伪编码，原装盒编码一应俱全，支持专卖店鉴定，保证正品！原装雅马哈背包，配件，中日文说明书，保修卡，包装盒，票据，新手书教程都一应俱全。https://www.yamaha.com.cn/products/show/583/', '2021-08-01 17:35:12', 2, '11102184795951594874', 'aa', '华南师范大学', '12309884795951575474');
INSERT INTO `collect` VALUES ('1627911797029125512', '1627810219490284344', '【全新】雅马哈F600吉他升级版', '吉他在正规授权专卖店购入，原价1000多，官网可查，保修卡，合格证，说明书，防伪编码，原装盒编码一应俱全，支持专卖店鉴定，保证正品！原装雅马哈背包，配件，中日文说明书，保修卡，包装盒，票据，新手书教程都一应俱全。https://www.yamaha.com.cn/products/show/583/', '2021-08-02 21:43:17', 2, '11102184795951594874', 'aa', '华南师范大学', '11102184795951594874');
INSERT INTO `collect` VALUES ('1627971439018501568', '1627811152227575468', '【99新】任天堂Nintendo Switch', 'Nintendo任天堂switch游戏机NS主机家用体感游戏机健身环大冒险套装国行续航增强版主机插卡手柄游戏掌机马力欧电视体感运动跳舞', '2021-08-03 14:17:19', 1, '12309884795951575474', 'bb', '华南师范大学', '11102184795951594874');
INSERT INTO `collect` VALUES ('1628083999492978450', '1628083331764214009', '【98新】佳能LISUSMEF百微', '【全画幅微距镜头】佳能100mmf/2.8微距LISUSMEF百微https://item.jd.com/10033428775258.html', '2021-08-04 21:33:19', 1, '1628078877198408593', '崔怀逸', '华南理工大学', '1628076567934159756');

-- ----------------------------
-- Table structure for comment
-- ----------------------------
DROP TABLE IF EXISTS `comment`;
CREATE TABLE `comment`  (
                            `cid` varchar(64) CHARACTER SET utf8mb4 COLLATE utf8mb4_general_ci NOT NULL COMMENT '评论id',
                            `commid` varchar(64) CHARACTER SET utf8mb4 COLLATE utf8mb4_general_ci NOT NULL COMMENT '商品id',
                            `cuserid` varchar(64) CHARACTER SET utf8mb4 COLLATE utf8mb4_general_ci NOT NULL COMMENT '评论者id',
                            `spuserid` varchar(64) CHARACTER SET utf8mb4 COLLATE utf8mb4_general_ci NULL DEFAULT NULL COMMENT '商品发布者id',
                            `content` varchar(255) CHARACTER SET utf8mb4 COLLATE utf8mb4_general_ci NULL DEFAULT NULL COMMENT '评论内容',
                            `commtime` timestamp(0) NULL DEFAULT CURRENT_TIMESTAMP(0) COMMENT '评论时间',
                            `commstatus` int(10) NULL DEFAULT 1 COMMENT '0异常 1正常 2删除',
                            PRIMARY KEY (`cid`) USING BTREE
) ENGINE = InnoDB CHARACTER SET = utf8mb4 COLLATE = utf8mb4_general_ci ROW_FORMAT = Dynamic;

-- ----------------------------
-- Records of comment
-- ----------------------------
INSERT INTO `comment` VALUES ('1', '1577792919764240135', '1582184795951594874', '1577713712942250291', '不错啊，东西很好', '2020-02-24 22:49:56', 1);
INSERT INTO `comment` VALUES ('1588251204811301252', '1583939483587193411', '1577713712942250291', '1582184795951594874', '怎么卖呀？能不能优惠点', '2020-04-30 20:53:24', 1);
INSERT INTO `comment` VALUES ('1614226508675446955', '1583940546885846474', '1577713712942250291', '1582184795951594874', '111', '2021-02-25 12:15:08', 1);

-- ----------------------------
-- Table structure for commimages
-- ----------------------------
DROP TABLE IF EXISTS `commimages`;
CREATE TABLE `commimages`  (
                               `id` varchar(64) CHARACTER SET utf8mb4 COLLATE utf8mb4_general_ci NOT NULL COMMENT '图片id',
                               `commid` varchar(64) CHARACTER SET utf8mb4 COLLATE utf8mb4_general_ci NULL DEFAULT NULL COMMENT '商品id',
                               `image` varchar(255) CHARACTER SET utf8mb4 COLLATE utf8mb4_general_ci NULL DEFAULT NULL COMMENT '图片',
                               `createtime` timestamp(0) NULL DEFAULT CURRENT_TIMESTAMP(0) COMMENT '上传时间',
                               `imagestatus` int(11) NULL DEFAULT 1 COMMENT '1正常 2删除',
                               PRIMARY KEY (`id`) USING BTREE
) ENGINE = InnoDB CHARACTER SET = utf8mb4 COLLATE = utf8mb4_general_ci ROW_FORMAT = Dynamic;

-- ----------------------------
-- Records of commimages
-- ----------------------------
INSERT INTO `commimages` VALUES ('1577792919780137921', '1577792919764240135', '/pic/d280ac1a7b4a40a1822459a401e83592.jpg', '2019-12-31 19:48:39', 2);
INSERT INTO `commimages` VALUES ('1577792919780240088', '1577792919764240135', '/pic/3dfe006eb2ea45ddac3b75f98ab72da5.jpg', '2019-12-31 19:48:39', 2);
INSERT INTO `commimages` VALUES ('1577792919780683065', '1577792919764240135', '/pic/e41c6fda976a47d2bb07d10da6c44453.png', '2019-12-31 19:48:39', 2);
INSERT INTO `commimages` VALUES ('1577793367842385757', '1577793367826729923', '/pic/c02fcebc7af046fea15484b74e551dec.jpg', '2019-12-31 19:56:07', 1);
INSERT INTO `commimages` VALUES ('1577793367842401604', '1577793367826729923', '/pic/d434cc733b974a37b2273528fc663e8c.jpg', '2019-12-31 19:56:07', 1);
INSERT INTO `commimages` VALUES ('1577793367842640909', '1577793367826729923', '/pic/1094e52bc1e04a8bb8df0e443a4b75d4.png', '2019-12-31 19:56:07', 1);
INSERT INTO `commimages` VALUES ('1583934830636144010', '1583934830542354596', '/pic/e99b0b08b02b4aba9e41517ee567695c.jpg', '2020-03-11 21:53:50', 1);
INSERT INTO `commimages` VALUES ('1583934830636210213', '1583934830542354596', '/pic/778d6e97081c4a71b1ae213c9f086247.jpg', '2020-03-11 21:53:50', 1);
INSERT INTO `commimages` VALUES ('1583934830636594282', '1583934830542354596', '/pic/c6bcb4de63ff44d5a9f6641248ad9a1a.jpg', '2020-03-11 21:53:50', 1);
INSERT INTO `commimages` VALUES ('1583935025024808644', '1583935025023726250', '/pic/e3fcbe45ff3f48008a8a3e47c3b82643.jpg', '2020-03-11 21:57:05', 1);
INSERT INTO `commimages` VALUES ('1583935025024899621', '1583935025023726250', '/pic/b241245c825d4316b06c592f90fc9a46.jpg', '2020-03-11 21:57:05', 1);
INSERT INTO `commimages` VALUES ('1583935025024936977', '1583935025023726250', '/pic/290fdebc38a2423bb76b631a1914c1dc.jpg', '2020-03-11 21:57:05', 1);
INSERT INTO `commimages` VALUES ('1583935120550217426', '1583935120549879620', '/pic/ea2fce86307c4e068e6f7ce0dd03c808.jpg', '2020-03-11 21:58:40', 1);
INSERT INTO `commimages` VALUES ('1583935120550246338', '1583935120549879620', '/pic/71e558c5e4384f268c5e99b185cac14c.jpg', '2020-03-11 21:58:40', 1);
INSERT INTO `commimages` VALUES ('1583935120550765609', '1583935120549879620', '/pic/ed81f0896ad54fbd855dccfbfb459942.jpg', '2020-03-11 21:58:40', 1);
INSERT INTO `commimages` VALUES ('1583935211397724639', '1583935211397204485', '/pic/924af36b3f3d4c8aa45496676b89d38f.jpg', '2020-03-11 22:00:11', 1);
INSERT INTO `commimages` VALUES ('1583935211397760987', '1583935211397204485', '/pic/977d35f283bd4ea3a3ca3b7a817a6e07.jpg', '2020-03-11 22:00:11', 1);
INSERT INTO `commimages` VALUES ('1583935211397815726', '1583935211397204485', '/pic/9fe5f2d9cd1d46e6ba3ec52b594a7b59.jpg', '2020-03-11 22:00:11', 1);
INSERT INTO `commimages` VALUES ('1583935356645851359', '1583935356645701706', '/pic/322917096e004b76b9f3863384bb2178.jpg', '2020-03-11 22:02:36', 2);
INSERT INTO `commimages` VALUES ('1583935356645865668', '1583935356645701706', '/pic/96347cab08dd48dc8eef7a2b483b0e0f.jpg', '2020-03-11 22:02:36', 2);
INSERT INTO `commimages` VALUES ('1583935356645954928', '1583935356645701706', '/pic/b5687d8111634fcb9b175bd5045b16cb.jpg', '2020-03-11 22:02:36', 2);
INSERT INTO `commimages` VALUES ('1583935476800204656', '1583935476800117681', '/pic/1a4ab27599ac45188993de213ee807e3.jpg', '2020-03-11 22:04:36', 1);
INSERT INTO `commimages` VALUES ('1583935476800318386', '1583935476800117681', '/pic/69e9805ca0d249329943167000c8f473.jpg', '2020-03-11 22:04:36', 1);
INSERT INTO `commimages` VALUES ('1583935476800838750', '1583935476800117681', '/pic/48ac8f47d5a149f195568dd6b573ff64.jpg', '2020-03-11 22:04:36', 1);
INSERT INTO `commimages` VALUES ('1583935629593113362', '1583935629583927102', '/pic/96d07cf4e4d444b0810c47288c47e960.jpg', '2020-03-11 22:07:09', 2);
INSERT INTO `commimages` VALUES ('1583935629593564430', '1583935629583927102', '/pic/60878b86482449629c4186ebe2f753f8.jpg', '2020-03-11 22:07:09', 2);
INSERT INTO `commimages` VALUES ('1583935629593697605', '1583935629583927102', '/pic/01c5f9ab3f6b42a3ab91698de161861f.jpg', '2020-03-11 22:07:09', 2);
INSERT INTO `commimages` VALUES ('1583935632551212386', '1583935632551786928', '/pic/33fa6aa1dde343e0a091a1dbdda0eae8.jpg', '2020-03-11 22:07:12', 2);
INSERT INTO `commimages` VALUES ('1583935632551685390', '1583935632551786928', '/pic/d15743e1cd2949828644e43f0d42766e.jpg', '2020-03-11 22:07:12', 2);
INSERT INTO `commimages` VALUES ('1583935632551733283', '1583935632551786928', '/pic/cdda2d5cec784b299b2102e1bc462868.jpg', '2020-03-11 22:07:12', 2);
INSERT INTO `commimages` VALUES ('1583935731016144142', '1583935731015473292', '/pic/35e62ca86c6d41db9dfdd2e8f33067dd.jpg', '2020-03-11 22:08:51', 1);
INSERT INTO `commimages` VALUES ('1583935731016269985', '1583935731015473292', '/pic/0ef371e1a6e04cc6b9bbdf140a0dff62.jpg', '2020-03-11 22:08:51', 1);
INSERT INTO `commimages` VALUES ('1583935731016732033', '1583935731015473292', '/pic/a33d4e4b05154367849d0d6cad97e47d.jpg', '2020-03-11 22:08:51', 1);
INSERT INTO `commimages` VALUES ('1583935867328120780', '1583935867326176449', '/pic/edb291d92c264968a75aa384e3fa758e.jpg', '2020-03-11 22:11:07', 2);
INSERT INTO `commimages` VALUES ('1583935867328655732', '1583935867326176449', '/pic/fd83441f9b5c45aab8f608535435c7b9.jpg', '2020-03-11 22:11:07', 2);
INSERT INTO `commimages` VALUES ('1583935867328808428', '1583935867326176449', '/pic/356468fdd2b243158a031d92e37f6b97.jpg', '2020-03-11 22:11:07', 2);
INSERT INTO `commimages` VALUES ('1583936216831296684', '1583936216831713367', '/pic/21e61ca0d18246fd9ed113f11f466cf3.jpg', '2020-03-11 22:16:56', 1);
INSERT INTO `commimages` VALUES ('1583936216831303587', '1583936216831713367', '/pic/cb734c7881c4488c9e01efa934a76b1d.jpg', '2020-03-11 22:16:56', 1);
INSERT INTO `commimages` VALUES ('1583936216831449026', '1583936216831713367', '/pic/4797c9054364475a844aa952bac88b0c.jpg', '2020-03-11 22:16:56', 1);
INSERT INTO `commimages` VALUES ('1583936883627548170', '1583936883626893988', '/pic/b4f36a3487d34c2aaad116a84a75bba8.jpg', '2020-03-11 22:28:03', 2);
INSERT INTO `commimages` VALUES ('1583936883627611316', '1583936883626893988', '/pic/a2f48d41f04e48f384fb49b0bf621902.jpg', '2020-03-11 22:28:03', 2);
INSERT INTO `commimages` VALUES ('1583936883627883286', '1583936883626893988', '/pic/d6f2d6024acc4d6b9e1f3eecd2d9ec79.jpg', '2020-03-11 22:28:03', 2);
INSERT INTO `commimages` VALUES ('1583937015909346306', '1583937015909416441', '/pic/6f46977a08644168b9f227fdc1e828c9.jpg', '2020-03-11 22:30:15', 1);
INSERT INTO `commimages` VALUES ('1583937015909387564', '1583937015909416441', '/pic/403898100efa4377aced73754982f573.jpg', '2020-03-11 22:30:15', 1);
INSERT INTO `commimages` VALUES ('1583937015909785017', '1583937015909416441', '/pic/4b4d157cc2e14363be936094ec38f712.jpg', '2020-03-11 22:30:15', 1);
INSERT INTO `commimages` VALUES ('1583937021774260802', '1583937021773641591', '/pic/cc37842b3a374446a3a2b2919ccdf0a7.jpg', '2020-03-11 22:30:21', 2);
INSERT INTO `commimages` VALUES ('1583937021774461572', '1583937021773641591', '/pic/951680b5e22d48eaa0ee9ba589f02aac.jpg', '2020-03-11 22:30:21', 2);
INSERT INTO `commimages` VALUES ('1583937021774847001', '1583937021773641591', '/pic/81e8f40571ae4ff8bb8630551ec16d7f.jpg', '2020-03-11 22:30:21', 2);
INSERT INTO `commimages` VALUES ('1583937153164110959', '1583937153164789685', '/pic/fd6b248b52a141b282ffd3ac15b6f812.jpg', '2020-03-11 22:32:33', 1);
INSERT INTO `commimages` VALUES ('1583937153164318871', '1583937153164789685', '/pic/d223ec95ff624557829905b11018e342.jpg', '2020-03-11 22:32:33', 1);
INSERT INTO `commimages` VALUES ('1583937153164916622', '1583937153164789685', '/pic/0d85bb98dbcc4e73b701cc49f2d699cd.jpg', '2020-03-11 22:32:33', 1);
INSERT INTO `commimages` VALUES ('1583937266661251424', '1583937266660587070', '/pic/50d584b0fba844beaf09cf9e71eabb95.jpg', '2020-03-11 22:34:26', 1);
INSERT INTO `commimages` VALUES ('1583937266661312270', '1583937266660587070', '/pic/a8245a1855ed409bb6709bf14a47d7b8.jpg', '2020-03-11 22:34:26', 1);
INSERT INTO `commimages` VALUES ('1583937266661525093', '1583937266660587070', '/pic/70fdb719bcdc4b2183aa0d8afd9fa4c7.jpg', '2020-03-11 22:34:26', 1);
INSERT INTO `commimages` VALUES ('1583937436356108209', '1583937436355876950', '/pic/6fc52536b5e94f71bad000d62c70daaf.jpg', '2020-03-11 22:37:16', 2);
INSERT INTO `commimages` VALUES ('1583937436356547975', '1583937436355876950', '/pic/9542a9d3e0924ab0b442861efd4f3a19.jpg', '2020-03-11 22:37:16', 2);
INSERT INTO `commimages` VALUES ('1583937436356707990', '1583937436355876950', '/pic/083b2bdd03ba41258c4925788e7a15db.jpg', '2020-03-11 22:37:16', 2);
INSERT INTO `commimages` VALUES ('1583937609451158589', '1583937609451390776', '/pic/14f4a556d3af482a866106ad65023b77.jpg', '2020-03-11 22:40:09', 1);
INSERT INTO `commimages` VALUES ('1583937609451202537', '1583937609451390776', '/pic/85ee5e69f3194d5ba9fa24a5f6532fb4.jpg', '2020-03-11 22:40:09', 1);
INSERT INTO `commimages` VALUES ('1583937609451477588', '1583937609451390776', '/pic/7e8388638dac4f34a40697b5b3cc1e33.jpg', '2020-03-11 22:40:09', 1);
INSERT INTO `commimages` VALUES ('1583937754237240150', '1583937754237685707', '/pic/d866bba50abd4a7484d31fac8a2c9cf9.jpg', '2020-03-11 22:42:34', 2);
INSERT INTO `commimages` VALUES ('1583937754237566158', '1583937754237685707', '/pic/538e7a1aca7d4532a1483752a90ed6bd.jpg', '2020-03-11 22:42:34', 2);
INSERT INTO `commimages` VALUES ('1583937754237766770', '1583937754237685707', '/pic/d7ca15fd8103486f97804e44e2a3e6d3.jpg', '2020-03-11 22:42:34', 2);
INSERT INTO `commimages` VALUES ('1583938217414187895', '1583938217414801162', '/pic/44da9c445dbc49bb9d2478efd2872d2f.jpg', '2020-03-11 22:50:17', 1);
INSERT INTO `commimages` VALUES ('1583938217414671070', '1583938217414801162', '/pic/44371e14c7a34222ad8650ec2e6db75a.jpg', '2020-03-11 22:50:17', 1);
INSERT INTO `commimages` VALUES ('1583938217414765849', '1583938217414801162', '/pic/ac500b984eb843f3b4f77cb7247480b9.jpg', '2020-03-11 22:50:17', 1);
INSERT INTO `commimages` VALUES ('1583938501381217032', '1583938501381902202', '/pic/ad7a13296c04400ba001aa6c424776a7.jpg', '2020-03-11 22:55:01', 1);
INSERT INTO `commimages` VALUES ('1583938501381665785', '1583938501381902202', '/pic/3b041e745f76416bb928de7150b5a951.jpg', '2020-03-11 22:55:01', 1);
INSERT INTO `commimages` VALUES ('1583938501381874481', '1583938501381902202', '/pic/aa36bc4a7063496f80c2f158a8a1e76d.jpg', '2020-03-11 22:55:01', 1);
INSERT INTO `commimages` VALUES ('1583938722769272526', '1583938722769689788', '/pic/abab01f1f5a4445f976d6b90bc6af7f9.jpg', '2020-03-11 22:58:42', 2);
INSERT INTO `commimages` VALUES ('1583938722769458862', '1583938722769689788', '/pic/be2cf1951c514c95b7b9f7cad0dc271b.jpg', '2020-03-11 22:58:42', 2);
INSERT INTO `commimages` VALUES ('1583938722769816278', '1583938722769689788', '/pic/55d01af7a21e4ede959abbdcf5fd807a.jpg', '2020-03-11 22:58:42', 2);
INSERT INTO `commimages` VALUES ('1583938997302205700', '1583938997302470599', '/pic/5e205f4ac69b4f8894600556ee630e2d.jpg', '2020-03-11 23:03:17', 1);
INSERT INTO `commimages` VALUES ('1583938997302317382', '1583938997302470599', '/pic/5860f65d12af4c348960a0ae64186c2b.jpg', '2020-03-11 23:03:17', 1);
INSERT INTO `commimages` VALUES ('1583938997302448197', '1583938997302470599', '/pic/dac583a7de6f472ca16633f4149672cd.jpg', '2020-03-11 23:03:17', 1);
INSERT INTO `commimages` VALUES ('1583939483588418892', '1583939483587193411', '/pic/61adf41627ba40ab8e5754c8b9cc6c15.jpg', '2020-03-11 23:11:23', 1);
INSERT INTO `commimages` VALUES ('1583939483588495947', '1583939483587193411', '/pic/d16f422e82254cf2955089ee48c6351f.jpg', '2020-03-11 23:11:23', 1);
INSERT INTO `commimages` VALUES ('1583939483588508090', '1583939483587193411', '/pic/4d1fe36d8a8b422da936f0613f311631.jpg', '2020-03-11 23:11:23', 1);
INSERT INTO `commimages` VALUES ('1583940546885272299', '1583940546885846474', '/pic/aa239a21d1364a7baf81eaaf74ec96eb.jpg', '2020-03-11 23:29:06', 1);
INSERT INTO `commimages` VALUES ('1583940546885687387', '1583940546885846474', '/pic/a7ac20bd1f8546b0a3c3278e45197b94.jpg', '2020-03-11 23:29:06', 1);
INSERT INTO `commimages` VALUES ('1583940546885968953', '1583940546885846474', '/pic/90e4576e60c74c0aa87236f591fb13d6.jpg', '2020-03-11 23:29:06', 1);
INSERT INTO `commimages` VALUES ('1583941082910191296', '1583941082909141536', '/pic/2fe9aab470274a40b21ee57026438c64.jpg', '2020-03-11 23:38:02', 2);
INSERT INTO `commimages` VALUES ('1583941082910242580', '1583941082909141536', '/pic/27783b56982847ee8fcaf5e0af7a0b83.jpg', '2020-03-11 23:38:02', 2);
INSERT INTO `commimages` VALUES ('1583941082910413091', '1583941082909141536', '/pic/5d3b36a4b7c647cab50e5491393fd2e1.jpg', '2020-03-11 23:38:02', 2);
INSERT INTO `commimages` VALUES ('1583941398323530692', '1583941398323204767', '/pic/1fc82ad9789a479faa57e4bd26ebeded.jpg', '2020-03-11 23:43:18', 1);
INSERT INTO `commimages` VALUES ('1583941398323592662', '1583941398323204767', '/pic/47db0a1da5ae4aa999b21aa8c4c39459.jpg', '2020-03-11 23:43:18', 1);
INSERT INTO `commimages` VALUES ('1583941398323817533', '1583941398323204767', '/pic/ba638637741a431794643e2bfb495419.png', '2020-03-11 23:43:18', 1);
INSERT INTO `commimages` VALUES ('1589681358727462933', '1583937754237685707', '/pic/538e7a1aca7d4532a1483752a90ed6bd.jpg', '2020-05-17 10:09:18', 1);
INSERT INTO `commimages` VALUES ('1589681358727520133', '1583937754237685707', '/pic/d7ca15fd8103486f97804e44e2a3e6d3.jpg', '2020-05-17 10:09:18', 1);
INSERT INTO `commimages` VALUES ('1589681358727647337', '1583937754237685707', '/pic/d866bba50abd4a7484d31fac8a2c9cf9.jpg', '2020-05-17 10:09:18', 1);
INSERT INTO `commimages` VALUES ('1589681541006260455', '1583937436355876950', '/pic/6fc52536b5e94f71bad000d62c70daaf.jpg', '2020-05-17 10:12:21', 1);
INSERT INTO `commimages` VALUES ('1589681541006357816', '1583937436355876950', '/pic/9542a9d3e0924ab0b442861efd4f3a19.jpg', '2020-05-17 10:12:21', 1);
INSERT INTO `commimages` VALUES ('1589681541006944473', '1583937436355876950', '/pic/083b2bdd03ba41258c4925788e7a15db.jpg', '2020-05-17 10:12:21', 1);
INSERT INTO `commimages` VALUES ('1589681623056307274', '1583941082909141536', '/pic/5d3b36a4b7c647cab50e5491393fd2e1.jpg', '2020-05-17 10:13:43', 1);
INSERT INTO `commimages` VALUES ('1589681623056941533', '1583941082909141536', '/pic/2fe9aab470274a40b21ee57026438c64.jpg', '2020-05-17 10:13:43', 1);
INSERT INTO `commimages` VALUES ('1589681623056942318', '1583941082909141536', '/pic/27783b56982847ee8fcaf5e0af7a0b83.jpg', '2020-05-17 10:13:43', 1);
INSERT INTO `commimages` VALUES ('1589681717391221785', '1583935629583927102', '/pic/01c5f9ab3f6b42a3ab91698de161861f.jpg', '2020-05-17 10:15:17', 1);
INSERT INTO `commimages` VALUES ('1589681717391839401', '1583935629583927102', '/pic/60878b86482449629c4186ebe2f753f8.jpg', '2020-05-17 10:15:17', 1);
INSERT INTO `commimages` VALUES ('1589681717391866766', '1583935629583927102', '/pic/96d07cf4e4d444b0810c47288c47e960.jpg', '2020-05-17 10:15:17', 1);
INSERT INTO `commimages` VALUES ('1589682075602489585', '1583937021773641591', '/pic/cc37842b3a374446a3a2b2919ccdf0a7.jpg', '2020-05-17 10:21:15', 1);
INSERT INTO `commimages` VALUES ('1589682075602943948', '1583937021773641591', '/pic/951680b5e22d48eaa0ee9ba589f02aac.jpg', '2020-05-17 10:21:15', 1);
INSERT INTO `commimages` VALUES ('1589682075602986132', '1583937021773641591', '/pic/81e8f40571ae4ff8bb8630551ec16d7f.jpg', '2020-05-17 10:21:15', 1);
INSERT INTO `commimages` VALUES ('1589682406793211434', '1583935867326176449', '/pic/356468fdd2b243158a031d92e37f6b97.jpg', '2020-05-17 10:26:46', 1);
INSERT INTO `commimages` VALUES ('1589682406793259068', '1583935867326176449', '/pic/edb291d92c264968a75aa384e3fa758e.jpg', '2020-05-17 10:26:46', 1);
INSERT INTO `commimages` VALUES ('1589682406793843576', '1583935867326176449', '/pic/fd83441f9b5c45aab8f608535435c7b9.jpg', '2020-05-17 10:26:46', 1);
INSERT INTO `commimages` VALUES ('1589682631351223032', '1583936883626893988', '/pic/a2f48d41f04e48f384fb49b0bf621902.jpg', '2020-05-17 10:30:31', 1);
INSERT INTO `commimages` VALUES ('1589682631351287134', '1583936883626893988', '/pic/b4f36a3487d34c2aaad116a84a75bba8.jpg', '2020-05-17 10:30:31', 1);
INSERT INTO `commimages` VALUES ('1589682631351418559', '1583936883626893988', '/pic/d6f2d6024acc4d6b9e1f3eecd2d9ec79.jpg', '2020-05-17 10:30:31', 1);
INSERT INTO `commimages` VALUES ('1589682735878258878', '1583935356645701706', '/pic/96347cab08dd48dc8eef7a2b483b0e0f.jpg', '2020-05-17 10:32:15', 1);
INSERT INTO `commimages` VALUES ('1589682735878372974', '1583935356645701706', '/pic/322917096e004b76b9f3863384bb2178.jpg', '2020-05-17 10:32:15', 1);
INSERT INTO `commimages` VALUES ('1589682735878873219', '1583935356645701706', '/pic/b5687d8111634fcb9b175bd5045b16cb.jpg', '2020-05-17 10:32:15', 1);
INSERT INTO `commimages` VALUES ('1589683627976290827', '1583935632551786928', '/pic/d15743e1cd2949828644e43f0d42766e.jpg', '2020-05-17 10:47:07', 1);
INSERT INTO `commimages` VALUES ('1589683627976349360', '1583935632551786928', '/pic/cdda2d5cec784b299b2102e1bc462868.jpg', '2020-05-17 10:47:07', 1);
INSERT INTO `commimages` VALUES ('1589683627976884684', '1583935632551786928', '/pic/33fa6aa1dde343e0a091a1dbdda0eae8.jpg', '2020-05-17 10:47:07', 1);
INSERT INTO `commimages` VALUES ('1589689513350322103', '1583938722769689788', '/pic/55d01af7a21e4ede959abbdcf5fd807a.jpg', '2020-05-17 12:25:13', 1);
INSERT INTO `commimages` VALUES ('1589689513350363618', '1583938722769689788', '/pic/be2cf1951c514c95b7b9f7cad0dc271b.jpg', '2020-05-17 12:25:13', 1);
INSERT INTO `commimages` VALUES ('1589689513350927565', '1583938722769689788', '/pic/abab01f1f5a4445f976d6b90bc6af7f9.jpg', '2020-05-17 12:25:13', 1);
INSERT INTO `commimages` VALUES ('1589693972666301604', '1577792919764240135', '/pic/3dfe006eb2ea45ddac3b75f98ab72da5.jpg', '2020-05-17 13:39:32', 2);
INSERT INTO `commimages` VALUES ('1589693972666417687', '1577792919764240135', '/pic/e41c6fda976a47d2bb07d10da6c44453.png', '2020-05-17 13:39:32', 2);
INSERT INTO `commimages` VALUES ('1589693972666512614', '1577792919764240135', '/pic/d280ac1a7b4a40a1822459a401e83592.jpg', '2020-05-17 13:39:32', 2);
INSERT INTO `commimages` VALUES ('1614221744960173148', '1577792919764240135', '/pic/e41c6fda976a47d2bb07d10da6c44453.png', '2021-02-25 10:55:44', 1);
INSERT INTO `commimages` VALUES ('1614221744960605605', '1577792919764240135', '/pic/3dfe006eb2ea45ddac3b75f98ab72da5.jpg', '2021-02-25 10:55:44', 1);
INSERT INTO `commimages` VALUES ('1614221744960792696', '1577792919764240135', '/pic/d280ac1a7b4a40a1822459a401e83592.jpg', '2021-02-25 10:55:44', 1);
INSERT INTO `commimages` VALUES ('1614222299098404986', '1614222299098646065', '/pic/30c74e3398ca4791bad873a4ce0bb4ba.jpg', '2021-02-25 11:04:59', 1);
INSERT INTO `commimages` VALUES ('1614222299098708112', '1614222299098646065', '/pic/b09b44217a664afa9db7167a4b4f810c.jpg', '2021-02-25 11:04:59', 1);
INSERT INTO `commimages` VALUES ('1614222299098758650', '1614222299098646065', '/pic/43d7d11c34444ad58ea726183fe0c1ce.jpg', '2021-02-25 11:04:59', 1);
INSERT INTO `commimages` VALUES ('1614222528786240613', '1614222528785574194', '/pic/e81d6b9532d94f119a28fa8da413c2b7.jpg', '2021-02-25 11:08:48', 1);
INSERT INTO `commimages` VALUES ('1614222528786463457', '1614222528785574194', '/pic/c16ebb2f9bfe4a6ead190640407680ed.jpg', '2021-02-25 11:08:48', 1);
INSERT INTO `commimages` VALUES ('1614222528786667143', '1614222528785574194', '/pic/643c0135635e4041a612ab19e5c36124.jpg', '2021-02-25 11:08:48', 1);
INSERT INTO `commimages` VALUES ('1627810219516391724', '1627810219490284344', '/pic/22595d4e401a4fd3a5831a29735a42e1.png', '2021-08-01 17:30:19', 1);
INSERT INTO `commimages` VALUES ('1627810219516429569', '1627810219490284344', '/pic/d74c5c41d64a4cf387ad1b31fc855b0a.png', '2021-08-01 17:30:19', 1);
INSERT INTO `commimages` VALUES ('1627810219516834721', '1627810219490284344', '/pic/e8a420b2c53a4f719d43509f427dd8f5.png', '2021-08-01 17:30:19', 1);
INSERT INTO `commimages` VALUES ('1627811152227232708', '1627811152227575468', '/pic/f4d82ba88d5244419c3d1ea2a8ee8def.jpg', '2021-08-01 17:45:52', 2);
INSERT INTO `commimages` VALUES ('1627811152227254123', '1627811152227575468', '/pic/916d021cb88c411bba0c2d787cf81e3d.jpg', '2021-08-01 17:45:52', 2);
INSERT INTO `commimages` VALUES ('1627811152227719122', '1627811152227575468', '/pic/51eba90532c64a6da1487d197d99206d.jpg', '2021-08-01 17:45:52', 2);
INSERT INTO `commimages` VALUES ('1627830748897655774', '1627811152227575468', '/pic/51eba90532c64a6da1487d197d99206d.jpg', '2021-08-01 23:12:28', 2);
INSERT INTO `commimages` VALUES ('1627830748897787367', '1627811152227575468', '/pic/916d021cb88c411bba0c2d787cf81e3d.jpg', '2021-08-01 23:12:28', 2);
INSERT INTO `commimages` VALUES ('1627830748897836709', '1627811152227575468', '/pic/f4d82ba88d5244419c3d1ea2a8ee8def.jpg', '2021-08-01 23:12:28', 2);
INSERT INTO `commimages` VALUES ('1627830791355129475', '1627811152227575468', '/pic/916d021cb88c411bba0c2d787cf81e3d.jpg', '2021-08-01 23:13:11', 1);
INSERT INTO `commimages` VALUES ('1627830791355144374', '1627811152227575468', '/pic/f4d82ba88d5244419c3d1ea2a8ee8def.jpg', '2021-08-01 23:13:11', 1);
INSERT INTO `commimages` VALUES ('1627830791355500540', '1627811152227575468', '/pic/51eba90532c64a6da1487d197d99206d.jpg', '2021-08-01 23:13:11', 1);
INSERT INTO `commimages` VALUES ('1628082739719379693', '1628082739694175914', '/pic/5c0f2874b8644d5196fc8d7ed8bcb3af.png', '2021-08-04 21:12:19', 1);
INSERT INTO `commimages` VALUES ('1628082739719698986', '1628082739694175914', '/pic/07e40ec227af47788df862a8165a5586.png', '2021-08-04 21:12:19', 1);
INSERT INTO `commimages` VALUES ('1628082739719898344', '1628082739694175914', '/pic/d291c9ce29ec473eb959e181ac71e6cc.png', '2021-08-04 21:12:19', 1);
INSERT INTO `commimages` VALUES ('1628082814212139141', '1628082814211936965', '/pic/712828c561164b5ebed9e9c8710a06bd.jpg', '2021-08-04 21:13:34', 1);
INSERT INTO `commimages` VALUES ('1628082814212344658', '1628082814211936965', '/pic/e9e2749cce1c48ef9d4968be0aed1bcc.jpg', '2021-08-04 21:13:34', 1);
INSERT INTO `commimages` VALUES ('1628082814212897193', '1628082814211936965', '/pic/123c5929c59c403a8e1199d1b75905b9.jpg', '2021-08-04 21:13:34', 1);
INSERT INTO `commimages` VALUES ('1628082854172406429', '1628082854171145479', '/pic/d85e15a6f9364559b2340b2a4a432a4f.png', '2021-08-04 21:14:14', 1);
INSERT INTO `commimages` VALUES ('1628082854172872801', '1628082854171145479', '/pic/b6cd83559d204664b08eb1ee16cec992.png', '2021-08-04 21:14:14', 1);
INSERT INTO `commimages` VALUES ('1628082854172875695', '1628082854171145479', '/pic/88125de83ab44de7946c71bb77d5e8ce.png', '2021-08-04 21:14:14', 1);
INSERT INTO `commimages` VALUES ('1628082883268603232', '1628082883267539007', '/pic/1ea9fe73a7f7497d96b8233d56bed0d0.png', '2021-08-04 21:14:43', 1);
INSERT INTO `commimages` VALUES ('1628082956197183700', '1628082956197647762', '/pic/6b5e3daa30b745aebdaf6a02d823cfd4.png', '2021-08-04 21:15:56', 1);
INSERT INTO `commimages` VALUES ('1628082956197274929', '1628082956197647762', '/pic/62aebdac7f134d5c97f1657abde15117.png', '2021-08-04 21:15:56', 1);
INSERT INTO `commimages` VALUES ('1628083014030168032', '1628083014030364623', '/pic/53ec8e520a334c35bbe97b98b01ed194.png', '2021-08-04 21:16:54', 1);
INSERT INTO `commimages` VALUES ('1628083014030395022', '1628083014030364623', '/pic/c9c186e9b18c4359a47a3ebf0deea903.png', '2021-08-04 21:16:54', 1);
INSERT INTO `commimages` VALUES ('1628083014030782445', '1628083014030364623', '/pic/995f282872b44f9b8fa8840e36b2a3eb.png', '2021-08-04 21:16:54', 1);
INSERT INTO `commimages` VALUES ('1628083048402368870', '1628083048402847339', '/pic/c78dcb57398e43c1b6ddd3ca09443766.png', '2021-08-04 21:17:28', 1);
INSERT INTO `commimages` VALUES ('1628083048402389732', '1628083048402847339', '/pic/314e011ef7c04179ad8dd2a07be2aa79.png', '2021-08-04 21:17:28', 1);
INSERT INTO `commimages` VALUES ('1628083048402994783', '1628083048402847339', '/pic/f5ea6e704c4d4bca9225b4880f55efc4.png', '2021-08-04 21:17:28', 1);
INSERT INTO `commimages` VALUES ('1628083089342448893', '1628083089342340379', '/pic/b358a3e8eb204b35a22be49226d51dbd.png', '2021-08-04 21:18:09', 1);
INSERT INTO `commimages` VALUES ('1628083166640470056', '1628083166640879306', '/pic/b6fb0ef16ec74786b249c113931a7f43.png', '2021-08-04 21:19:26', 1);
INSERT INTO `commimages` VALUES ('1628083166640763360', '1628083166640879306', '/pic/fcabbf1cb2a2487a80b6c1700bbec391.png', '2021-08-04 21:19:26', 1);
INSERT INTO `commimages` VALUES ('1628083166640816412', '1628083166640879306', '/pic/439e909384a543b583666176f9a53c73.png', '2021-08-04 21:19:26', 1);
INSERT INTO `commimages` VALUES ('1628083197511157660', '1628083197511635894', '/pic/87d498a3fb4e4006989b030c11c14641.png', '2021-08-04 21:19:57', 1);
INSERT INTO `commimages` VALUES ('1628083197511635566', '1628083197511635894', '/pic/d7631f0cd19e49e58dad1fb01634a94b.png', '2021-08-04 21:19:57', 1);
INSERT INTO `commimages` VALUES ('1628083197511922535', '1628083197511635894', '/pic/06b1bcb22e3a48239c7b060fb39a418b.png', '2021-08-04 21:19:57', 1);
INSERT INTO `commimages` VALUES ('1628083290082687306', '1628083290082389062', '/pic/7acffdfe26b64dd0b776d4313126e6f9.png', '2021-08-04 21:21:30', 1);
INSERT INTO `commimages` VALUES ('1628083290082703358', '1628083290082389062', '/pic/058fa03ce5d24dfa8f44de96ee62a928.png', '2021-08-04 21:21:30', 1);
INSERT INTO `commimages` VALUES ('1628083290082765784', '1628083290082389062', '/pic/8c194d83822c4e4698e97d89a61d3e55.png', '2021-08-04 21:21:30', 1);
INSERT INTO `commimages` VALUES ('1628083331765469443', '1628083331764214009', '/pic/a0620af2b25f44b3b6ab83d33a9edbd1.jpg', '2021-08-04 21:22:11', 1);
INSERT INTO `commimages` VALUES ('1628083331765602331', '1628083331764214009', '/pic/7588f231331d442bbac008285b24e316.jpg', '2021-08-04 21:22:11', 1);
INSERT INTO `commimages` VALUES ('1628083331765975440', '1628083331764214009', '/pic/52233cb1e69a45ac9fc457b3ef7534b0.jpg', '2021-08-04 21:22:11', 1);
INSERT INTO `commimages` VALUES ('1628083393557392739', '1628083393557834519', '/pic/8965a10172d74ce8b0a9d436607b048f.png', '2021-08-04 21:23:13', 1);
INSERT INTO `commimages` VALUES ('1628083393557605558', '1628083393557834519', '/pic/94b508dce4454e3abf6c234675da042f.png', '2021-08-04 21:23:13', 1);
INSERT INTO `commimages` VALUES ('1628083393557982526', '1628083393557834519', '/pic/1fa26fb1784b4960af411d98910d834e.png', '2021-08-04 21:23:13', 1);
INSERT INTO `commimages` VALUES ('1628083478817620608', '1628083478817148445', '/pic/3e78c695f729492a80f531c494356a50.png', '2021-08-04 21:24:38', 1);
INSERT INTO `commimages` VALUES ('1628083478817636271', '1628083478817148445', '/pic/ca8ccfb9601d4934859628f3ef58b2d3.png', '2021-08-04 21:24:38', 1);
INSERT INTO `commimages` VALUES ('1628083850310106367', '1628083850310950048', '/pic/9cf910998ba34c398b9b625cef67b45b.png', '2021-08-04 21:30:50', 1);
INSERT INTO `commimages` VALUES ('1628083850310148679', '1628083850310950048', '/pic/0d3109b57bef441b9972f923f7d27366.png', '2021-08-04 21:30:50', 1);
INSERT INTO `commimages` VALUES ('1628083850310789268', '1628083850310950048', '/pic/70a45c4594594452b2a20b53ad14da28.png', '2021-08-04 21:30:50', 1);

-- ----------------------------
-- Table structure for commodity
-- ----------------------------
DROP TABLE IF EXISTS `commodity`;
CREATE TABLE `commodity`  (
                              `commid` varchar(64) CHARACTER SET utf8mb4 COLLATE utf8mb4_general_ci NOT NULL COMMENT '商品id',
                              `commname` varchar(255) CHARACTER SET utf8mb4 COLLATE utf8mb4_general_ci NULL DEFAULT NULL COMMENT '商品名',
                              `commdesc` varchar(512) CHARACTER SET utf8mb4 COLLATE utf8mb4_general_ci NULL DEFAULT NULL COMMENT '商品描述',
                              `videourl` varchar(255) CHARACTER SET utf8mb4 COLLATE utf8mb4_general_ci NULL DEFAULT NULL COMMENT '视频',
                              `orimoney` decimal(55, 2) NULL DEFAULT NULL COMMENT '原价',
                              `thinkmoney` decimal(55, 2) NULL DEFAULT NULL COMMENT '售价',
                              `school` varchar(255) CHARACTER SET utf8mb4 COLLATE utf8mb4_general_ci NULL DEFAULT NULL COMMENT '商品所在学校',
                              `createtime` timestamp(0) NULL DEFAULT CURRENT_TIMESTAMP(0) COMMENT '发布时间',
                              `updatetime` timestamp(0) NULL DEFAULT CURRENT_TIMESTAMP(0) ON UPDATE CURRENT_TIMESTAMP(0) COMMENT '修改时间',
                              `endtime` timestamp(0) NULL DEFAULT NULL COMMENT '结束时间',
                              `commstatus` int(10) NULL DEFAULT 3 COMMENT '0违规 1正常 2删除  3待审核  4已售出',
                              `common` varchar(255) CHARACTER SET utf8mb4 COLLATE utf8mb4_general_ci NULL DEFAULT NULL COMMENT '常用选项：自提，可小刀，不议价等选项',
                              `rednumber` int(10) NULL DEFAULT 0 COMMENT '浏览量',
                              `category` varchar(255) CHARACTER SET utf8mb4 COLLATE utf8mb4_general_ci NULL DEFAULT NULL COMMENT '商品类别',
                              `image` varchar(255) CHARACTER SET utf8mb4 COLLATE utf8mb4_general_ci NULL DEFAULT NULL COMMENT '简介图',
                              `userid` varchar(64) CHARACTER SET utf8mb4 COLLATE utf8mb4_general_ci NOT NULL COMMENT '用户id',
                              PRIMARY KEY (`commid`) USING BTREE
) ENGINE = InnoDB CHARACTER SET = utf8mb4 COLLATE = utf8mb4_general_ci ROW_FORMAT = Dynamic;

-- ----------------------------
-- Records of commodity
-- ----------------------------
INSERT INTO `commodity` VALUES ('1628082739694175914', '【全新】雅马哈F600吉他升级版', '吉他在正规授权专卖店购入，原价1000多，官网可查，保修卡，合格证，说明书，防伪编码，原装盒编码一应俱全，支持专卖店鉴定，保证正品！原装雅马哈背包，配件，中日文说明书，保修卡，包装盒，票据，新手书教程都一应俱全。https://www.yamaha.com.cn/products/show/583/', '/pic/31d481d0b359463cb903f4a36dc23b07.mp4', 1110.00, 440.00, '华南师范大大学', '2021-08-04 21:12:19', '2021-08-04 21:28:11', NULL, 1, '不议价、仅自提', 0, '其他', '/pic/f848645c849f4c7589b25ca1c4f9f6a9.png', '1628076567934159756');
INSERT INTO `commodity` VALUES ('1628082814211936965', '【99新】任天堂Nintendo Switch', 'Nintendo任天堂switch游戏机NS主机家用体感游戏机健身环大冒险套装国行续航增强版主机插卡手柄游戏掌机马力欧电视体感运动跳舞', '/pic/30f0f0792ea84fc2bea9980926f4d3dd.mp4', 1799.00, 1399.00, '华南师范大大学', '2021-08-04 21:13:34', '2021-08-04 21:28:08', NULL, 1, '可小刀、可送货', 0, '3C数码', '/pic/3d0cd2ad1d394a7eb8bf9237363558ed.jpg', '1628076567934159756');
INSERT INTO `commodity` VALUES ('1628082854171145479', '二手华为平板M3青春版8英寸64G金色', '电池正常，配件含充电器、数据线https://detail.tmall.com/item.htm?spm=a220m.1000858.0.0.4273559eI54wqy&id=570968812807', '', 1479.00, 650.00, '华南师范大大学', '2021-08-04 21:14:14', '2021-08-04 21:14:14', NULL, 3, '不议价、仅自提', 0, '3C数码', '/pic/3dcaf06af1474dd283d1970c240950cc.png', '1628076567934159756');
INSERT INTO `commodity` VALUES ('1628082883267539007', '【全新】《Python深度学习》', '买了回来没用过。只拆了胶装。原价119.00元，ISBN9787115488763', '', 119.00, 45.00, '华南师范大大学', '2021-08-04 21:14:43', '2021-08-04 21:28:04', NULL, 1, '可小刀、可送货', 0, '书籍', '/pic/471d494fd3f94e978e6f2348f38480d4.png', '1628076567934159756');
INSERT INTO `commodity` VALUES ('1628082956197647762', '【正版】《大数据架构详解》', '帮转，无任何笔记，原价69。转手是因为技术栈调整，暂时不做此方面的。', '', 69.00, 38.00, '暨南大学', '2021-08-04 21:15:56', '2021-08-04 21:27:59', NULL, 1, '不议价、可送货', 0, '书籍', '/pic/f7a026d2c6744fb6ab2434dbb4eeaf9f.png', '1628077153506117891');
INSERT INTO `commodity` VALUES ('1628083014030364623', 'java面试题打印集', '帮转，原物品持有人自己整理并打印的java面试题打印集', '', NULL, 30.00, '暨南大学', '2021-08-04 21:16:54', '2021-08-04 21:16:54', NULL, 3, '可小刀、可送货', 0, '书籍', '/pic/5aa023c672e04797b4462ac80fcfe5bf.png', '1628077153506117891');
INSERT INTO `commodity` VALUES ('1628083048402847339', '【95新】ie3.0pro电竞游戏鼠标', '有线人体工学英雄联盟cf吃鸡https://detail.tmall.com/item.htm?spm=a220m.1000858.1000725.5.7c1e77f6COABay&id=586313536897和https://item.jd.com/39987156152.html', '/pic/9b9294278b41404f82b75099c4bc5d05.mp4', 388.00, 179.00, '暨南大学', '2021-08-04 21:17:28', '2021-08-06 15:49:44', NULL, 1, '可小刀、仅自提', 1, '3C数码', '/pic/98c9be9a68784774be3902a22bce9584.png', '1628077153506117891');
INSERT INTO `commodity` VALUES ('1628083089342340379', '【全新原封】NS switch怒之铁拳4游戏', 'streets of rage4，终极限定大盒，带原声集和全套闪卡，英文。中文版参考https://item.jd.com/10023234875186.html', '', 309.00, 169.00, '暨南大学', '2021-08-04 21:18:09', '2021-08-04 21:28:42', NULL, 1, '不议价、可送货', 0, '其他', '/pic/1590368e131b46829a71fb3180d045e1.png', '1628077153506117891');
INSERT INTO `commodity` VALUES ('1628083166640879306', '【95新】联想ThinkPad T420二手笔记本', '非国行4G 128G HD3000，原装电池，带电源适配器，含有线鼠标+鼠标垫+手提包https://item.jd.com/10025970401532.html', '', NULL, 1038.00, '中山大学', '2021-08-04 21:19:26', '2021-08-04 21:19:26', NULL, 3, '不议价、仅自提', 0, '3C数码', '/pic/98098dad832c49d6b2d6d68cab6f50d5.png', '1628077967847915065');
INSERT INTO `commodity` VALUES ('1628083197511635894', '【95新】华为watch GT 2智能手表', '大陆国行基本版（gps版）不锈钢银色46mm，无网络锁卡贴机，原装电池，原装充电座https://detail.tmall.com/item.htm?spm=a220m.1000858.1000725.116.3fe8637adm1DEN&id=604069547175', '/pic/cce63d03951e4013b41bcb1cae0c2059.mp4', 1488.00, 1199.00, '中山大学', '2021-08-04 21:19:57', '2021-08-04 21:37:35', NULL, 1, '不议价、可送货', 1, '3C数码', '/pic/65e11df3cb5e4ba8857c8ae9c5cc8f9f.png', '1628077967847915065');
INSERT INTO `commodity` VALUES ('1628083290082389062', '【9成新】七彩虹GTX-1050-2G显卡', '游戏独显，无拆修，实拍图片，原装电池https://item.jd.com/10032545853744.html', '', 1376.00, 656.00, '华南理工大学', '2021-08-04 21:21:30', '2021-08-04 21:21:30', NULL, 3, '不议价、仅自提', 0, '3C数码', '/pic/666ef7b706d545fa9352792759cea087.png', '1628078877198408593');
INSERT INTO `commodity` VALUES ('1628083331764214009', '【98新】佳能LISUSMEF百微', '【全画幅微距镜头】佳能100mmf/2.8微距LISUSMEF百微https://item.jd.com/10033428775258.html', '/pic/d230a20f1f5543d0a87c09adab017bb4.mp4', 15499.00, 5380.00, '华南理工大学', '2021-08-04 21:22:11', '2021-08-04 21:33:15', NULL, 1, '不议价、仅自提', 1, '3C数码', '/pic/e608f0a058cd418d9d6e748766662779.jpg', '1628078877198408593');
INSERT INTO `commodity` VALUES ('1628083393557834519', '【95新】iPhone XS二手手机白色全网通64G', '其他区无锁版，轻微磕碰划痕，无任何维修，机器均已经过质检符合标准，功能全部正常，无网络锁卡贴机，电池效率85%以上，健康使用范围。https://item.jd.com/51880748928.html', '/pic/27d3147f748447398c664e217c25343a.mp4', 4199.00, 2150.00, '华南农业大学', '2021-08-04 21:23:13', '2021-08-04 21:29:20', NULL, 1, '不议价、仅自提', 0, '3C数码', '/pic/8e86b411aa0c4eed946092705e14b0a2.png', '1628079150705332033');
INSERT INTO `commodity` VALUES ('1628083478817148445', '奈施NICES尤克里里全单23寸C型', '虎纹桃花心木尤克里里。入手1800，闲置没怎么弹，轻微使用痕迹，功能完好无维修。低价出。赠送琴包，校音器，琴架。https://item.jd.com/48534969552.html#crumb-wrap', '', 2888.00, 799.00, '华南师范大学', '2021-08-04 21:24:38', '2021-08-04 21:27:29', NULL, 1, '不议价、仅自提', 0, '其他', '/pic/ed07f6ef657a4668b89d84b9fe29f14c.png', '1628079366429940552');
INSERT INTO `commodity` VALUES ('1628083850310950048', '【95新】尼康D3000', '含质检报告，实物拍摄，配件见图中所展示配件，原装正品\n', '', NULL, 400.00, '华南农业大学', '2021-08-04 21:30:50', '2021-08-04 21:30:50', NULL, 3, '不议价、仅自提', 0, '3C数码', '/pic/e719bc3831144de0bb3ae0ec6d923d87.png', '1628079150705332033');

-- ----------------------------
-- Table structure for friends
-- ----------------------------
DROP TABLE IF EXISTS `friends`;
CREATE TABLE `friends`  (
                            `id` int(11) NOT NULL AUTO_INCREMENT,
                            `userid` varchar(64) CHARACTER SET utf8mb4 COLLATE utf8mb4_general_ci NULL DEFAULT NULL COMMENT '用户id',
                            `fuserid` varchar(64) CHARACTER SET utf8mb4 COLLATE utf8mb4_general_ci NULL DEFAULT NULL COMMENT '好友id',
                            `addtime` timestamp(0) NULL DEFAULT CURRENT_TIMESTAMP(0),
                            PRIMARY KEY (`id`) USING BTREE
) ENGINE = InnoDB AUTO_INCREMENT = 15 CHARACTER SET = utf8mb4 COLLATE = utf8mb4_general_ci ROW_FORMAT = Dynamic;

-- ----------------------------
-- Records of friends
-- ----------------------------
INSERT INTO `friends` VALUES (1, '1577713712942250291', '1582184795951594874', '2020-04-18 18:04:45');
INSERT INTO `friends` VALUES (2, '1582184795951594874', '1577713712942250291', '2020-04-18 18:04:47');
INSERT INTO `friends` VALUES (7, '1577713712942250291', '1587889073148226284', '2021-02-25 11:51:51');
INSERT INTO `friends` VALUES (8, '1587889073148226284', '1577713712942250291', '2021-02-25 11:51:51');
INSERT INTO `friends` VALUES (9, '1589628308220845788', '1582184795951594874', '2021-03-08 13:09:53');
INSERT INTO `friends` VALUES (10, '1582184795951594874', '1589628308220845788', '2021-03-08 13:09:53');
INSERT INTO `friends` VALUES (11, '1587889073148226284', '1582184795951594874', '2021-07-07 21:05:40');
INSERT INTO `friends` VALUES (12, '1582184795951594874', '1587889073148226284', '2021-07-07 21:05:41');
INSERT INTO `friends` VALUES (13, '12309884795951575474', '11102184795951594874', '2021-08-01 17:38:03');
INSERT INTO `friends` VALUES (14, '11102184795951594874', '12309884795951575474', '2021-08-01 17:38:03');

-- ----------------------------
-- Table structure for login
-- ----------------------------
DROP TABLE IF EXISTS `login`;
CREATE TABLE `login`  (
                          `id` varchar(64) CHARACTER SET utf8mb4 COLLATE utf8mb4_general_ci NOT NULL COMMENT '登录id',
                          `userid` varchar(64) CHARACTER SET utf8mb4 COLLATE utf8mb4_general_ci NULL DEFAULT NULL COMMENT '用户id',
                          `roleid` int(10) NULL DEFAULT 1 COMMENT '角色id 1普通用户 2管理员 3超级管理员',
                          `username` varchar(255) CHARACTER SET utf8mb4 COLLATE utf8mb4_general_ci NULL DEFAULT NULL COMMENT '用户名',
                          `password` varchar(255) CHARACTER SET utf8mb4 COLLATE utf8mb4_general_ci NULL DEFAULT NULL COMMENT '用户密码',
                          `mobilephone` varchar(255) CHARACTER SET utf8mb4 COLLATE utf8mb4_general_ci NULL DEFAULT NULL COMMENT '手机号',
                          `userstatus` int(10) NULL DEFAULT 1 COMMENT '1正常 0封号',
                          PRIMARY KEY (`id`) USING BTREE
) ENGINE = InnoDB CHARACTER SET = utf8mb4 COLLATE = utf8mb4_general_ci ROW_FORMAT = Dynamic;

-- ----------------------------
-- Records of login
-- ----------------------------
INSERT INTO `login` VALUES ('1115684795951399057', '11102184795951594874', 2, 'aa', '1cd75ca00db28072479992f87d4a647e', '17856942212', 1);
INSERT INTO `login` VALUES ('1227584764959514057', '12309884795951575474', 1, 'bb', '1cd75ca00db28072479992f87d4a647e', '13556882212', 1);
INSERT INTO `login` VALUES ('1582184795951399057', '1582184795951594874', 2, '猫儿', '1cd75ca00db28072479992f87d4a647e', '15239670412', 1);
INSERT INTO `login` VALUES ('1587916027545989364', '1587889073148226284', 1, '鱼与飞鸟', '1cd75ca00db28072479992f87d4a647e', '123456783', 1);
INSERT INTO `login` VALUES ('1587916417975156426', '1577713712942250291', 2, '理木客', '1cd75ca00db28072479992f87d4a647e', '15239670411', 1);
INSERT INTO `login` VALUES ('1589627579283989738', '1589627579283677652', 1, '木子', '1cd75ca00db28072479992f87d4a647e', '123456784', 1);
INSERT INTO `login` VALUES ('1589628285110931399', '1589628308220845788', 3, 'admin', '1cd75ca00db28072479992f87d4a647e', 'admin', 1);
INSERT INTO `login` VALUES ('1589644044287650587', '1589644044287166342', 1, 'Rose', '1cd75ca00db28072479992f87d4a647e', '123456785', 1);
INSERT INTO `login` VALUES ('1589680953404999878', '1589680953404254146', 1, '种鱼的猫猫', '1cd75ca00db28072479992f87d4a647e', '15239670413', 1);
INSERT INTO `login` VALUES ('1589694955949272106', '1589694955949934523', 1, '那些年', '1cd75ca00db28072479992f87d4a647e', '15239670414', 1);
INSERT INTO `login` VALUES ('1627978072600788604', '1627978072600667851', 1, '丹', '1cd75ca00db28072479992f87d4a647e', '15984374585', 1);
INSERT INTO `login` VALUES ('1627990178131402574', '1627990178131600228', 1, '阿龙', '1cd75ca00db28072479992f87d4a647e', '16748952695', 1);
INSERT INTO `login` VALUES ('1627990527168875019', '1627990527168969285', 1, '辉', '1cd75ca00db28072479992f87d4a647e', '18763214695', 1);
INSERT INTO `login` VALUES ('1627991154887148093', '1627991154887936809', 1, '克', '1cd75ca00db28072479992f87d4a647e', '18942674625', 1);
INSERT INTO `login` VALUES ('1627991855756118870', '1627991855756197292', 1, '熙', '1cd75ca00db28072479992f87d4a647e', '13624152369', 1);
INSERT INTO `login` VALUES ('1627993054732500390', '1627993054732211470', 1, '成', '1cd75ca00db28072479992f87d4a647e', '16842598452', 1);
INSERT INTO `login` VALUES ('1627993335657242172', '1627993335657560474', 1, '丽', '1cd75ca00db28072479992f87d4a647e', '13265396654', 1);
INSERT INTO `login` VALUES ('1627994069030510917', '1627994069030961201', 1, '三', '84160cd0b79e4bd1e320c5a5d0f0838a', '18874532654', 1);
INSERT INTO `login` VALUES ('1627995378018901782', '1627995378018459326', 1, '淡', '1cd75ca00db28072479992f87d4a647e', '13695863254', 1);
INSERT INTO `login` VALUES ('1627995656117127438', '1627995656117899053', 1, '兴', '1cd75ca00db28072479992f87d4a647e', '13236563254', 1);
INSERT INTO `login` VALUES ('1627999003681772682', '1627999003681355345', 1, '达', '84160cd0b79e4bd1e320c5a5d0f0838a', '13656415287', 1);
INSERT INTO `login` VALUES ('1627999739772346079', '1627999739772969073', 1, '浩', '1cd75ca00db28072479992f87d4a647e', '16485639587', 1);
INSERT INTO `login` VALUES ('1628000084469809756', '1628000084469960259', 1, '迪', '1cd75ca00db28072479992f87d4a647e', '16958967484', 1);
INSERT INTO `login` VALUES ('1628000486717564922', '1628000486717212514', 1, '楚', '1cd75ca00db28072479992f87d4a647e', '13696748536', 1);
INSERT INTO `login` VALUES ('1628000680780211660', '1628000680780553297', 1, '肖', '1cd75ca00db28072479992f87d4a647e', '13695847485', 1);
INSERT INTO `login` VALUES ('1628000798769892802', '1628000798769526356', 1, '诗', '1cd75ca00db28072479992f87d4a647e', '13456598574', 1);
INSERT INTO `login` VALUES ('1628000875524751546', '1628000875524671525', 1, '仁', '1cd75ca00db28072479992f87d4a647e', '13674859482', 1);
INSERT INTO `login` VALUES ('1628003091461819238', '1628003091461292916', 1, '明', '1cd75ca00db28072479992f87d4a647e', '13659748564', 1);
INSERT INTO `login` VALUES ('1628004649047563284', '1628004649047375624', 1, '洛', '1cd75ca00db28072479992f87d4a647e', '13658474855', 1);
INSERT INTO `login` VALUES ('1628005549944860953', '1628005549944601849', 1, '西', '84160cd0b79e4bd1e320c5a5d0f0838a', '13658574526', 1);
INSERT INTO `login` VALUES ('1628006113123435471', '1628006113123793004', 1, '安', '84160cd0b79e4bd1e320c5a5d0f0838a', '16584745635', 1);
INSERT INTO `login` VALUES ('1628007076083453838', '1628007076083853578', 1, '娜', '1cd75ca00db28072479992f87d4a647e', '16523698574', 1);
INSERT INTO `login` VALUES ('1628007681127893728', '1628007681127776633', 1, '昂', '84160cd0b79e4bd1e320c5a5d0f0838a', '16585746324', 1);
INSERT INTO `login` VALUES ('1628008020685419502', '1628008020685787961', 1, '蒂', '1cd75ca00db28072479992f87d4a647e', '16585967452', 1);
INSERT INTO `login` VALUES ('1628010524113700824', '1628010524113739759', 1, '习', '1cd75ca00db28072479992f87d4a647e', '13659856745', 1);
INSERT INTO `login` VALUES ('1628010603975669103', '1628010603975356088', 1, '梅', '1cd75ca00db28072479992f87d4a647e', '13595857452', 1);
INSERT INTO `login` VALUES ('1628011005316476878', '1628011005316665234', 1, '罗', '52bb517b4cf12e5f40e711309ffbc233', '13563258745', 1);
INSERT INTO `login` VALUES ('1628011110788165151', '1628011110788708084', 1, '卡', '1cd75ca00db28072479992f87d4a647e', '13596857412', 1);
INSERT INTO `login` VALUES ('1628046382890154572', '1628046382890766825', 1, '亚', '1cd75ca00db28072479992f87d4a647e', '13548596325', 1);
INSERT INTO `login` VALUES ('1628046487488184218', '1628046487488550789', 1, '舟', '1cd75ca00db28072479992f87d4a647e', '13652485975', 1);
INSERT INTO `login` VALUES ('1628046674684193662', '1628046674684596743', 1, '生', '1cd75ca00db28072479992f87d4a647e', '13541518596', 1);
INSERT INTO `login` VALUES ('1628047106283425953', '1628047106283597091', 1, '糖', '1cd75ca00db28072479992f87d4a647e', '16852635298', 1);
INSERT INTO `login` VALUES ('1628047157616563848', '1628047157616927363', 1, '包', '1cd75ca00db28072479992f87d4a647e', '13563256985', 1);
INSERT INTO `login` VALUES ('1628047269280375674', '1628047269280902172', 1, '下', '1cd75ca00db28072479992f87d4a647e', '13659585654', 1);
INSERT INTO `login` VALUES ('1628047803033995528', '1628047803033216343', 1, '鱼', '1cd75ca00db28072479992f87d4a647e', '13659587452', 1);
INSERT INTO `login` VALUES ('1628048276270274532', '1628048276270475727', 1, '禄', '1cd75ca00db28072479992f87d4a647e', '13652632595', 1);
INSERT INTO `login` VALUES ('1628048712099859557', '1628048712099365151', 1, '上', '1cd75ca00db28072479992f87d4a647e', '13584475692', 1);
INSERT INTO `login` VALUES ('1628057088760392057', '1628057088760782342', 1, '海', '1cd75ca00db28072479992f87d4a647e', '13652659845', 1);
INSERT INTO `login` VALUES ('1628063493656851414', '1628063493656683964', 1, '阁', '1cd75ca00db28072479992f87d4a647e', '13652958745', 1);
INSERT INTO `login` VALUES ('1628063701257400348', '1628063701257839913', 1, '张', '1cd75ca00db28072479992f87d4a647e', '13659658745', 1);
INSERT INTO `login` VALUES ('1628063899811341945', '1628063899811559975', 1, '呈', '1cd75ca00db28072479992f87d4a647e', '13652632587', 1);
INSERT INTO `login` VALUES ('1628063994692418151', '1628063994692503378', 1, '仨', '1cd75ca00db28072479992f87d4a647e', '13652648589', 1);
INSERT INTO `login` VALUES ('1628064123273634247', '1628064123273549178', 1, '以', '1cd75ca00db28072479992f87d4a647e', '13526325984', 1);
INSERT INTO `login` VALUES ('1628070764339484301', '1628070764339312370', 1, '路', '1cd75ca00db28072479992f87d4a647e', '13652847563', 1);
INSERT INTO `login` VALUES ('1628070900956516688', '1628070900956104611', 1, '四', '1cd75ca00db28072479992f87d4a647e', '13652632596', 1);
INSERT INTO `login` VALUES ('1628071045176146499', '1628071045176180676', 1, '咯', '1cd75ca00db28072479992f87d4a647e', '13526325847', 1);
INSERT INTO `login` VALUES ('1628072289507796963', '1628072289507453033', 1, '时', '1cd75ca00db28072479992f87d4a647e', '13659447852', 1);
INSERT INTO `login` VALUES ('1628072667182782933', '1628072667182776326', 1, '邓', '1cd75ca00db28072479992f87d4a647e', '13526395269', 1);
INSERT INTO `login` VALUES ('1628072978354105570', '1628072978354662904', 1, '有', '1cd75ca00db28072479992f87d4a647e', '13652632589', 1);
INSERT INTO `login` VALUES ('1628073094232811435', '1628073094232393054', 1, '的', '1cd75ca00db28072479992f87d4a647e', '13652632598', 1);
INSERT INTO `login` VALUES ('1628073277975425089', '1628073277975971755', 1, '颗', '1cd75ca00db28072479992f87d4a647e', '13652698574', 1);
INSERT INTO `login` VALUES ('1628073529496320414', '1628073529496996246', 1, '吧', '1cd75ca00db28072479992f87d4a647e', '13659632569', 1);
INSERT INTO `login` VALUES ('1628074877229884747', '1628074877229252947', 1, '先', '1cd75ca00db28072479992f87d4a647e', '13563963258', 1);
INSERT INTO `login` VALUES ('1628075187566208958', '1628075187566971057', 1, '五', '1cd75ca00db28072479992f87d4a647e', '13652658965', 1);
INSERT INTO `login` VALUES ('1628075251418556031', '1628075251418756964', 1, '完', '1cd75ca00db28072479992f87d4a647e', '15236256985', 1);
INSERT INTO `login` VALUES ('1628076567934453378', '1628076567934159756', 1, '施随川', '1cd75ca00db28072479992f87d4a647e', '13656745696', 1);
INSERT INTO `login` VALUES ('1628077153506701771', '1628077153506117891', 1, '岳照琴', '1cd75ca00db28072479992f87d4a647e', '18758545825', 1);
INSERT INTO `login` VALUES ('1628077967847789181', '1628077967847915065', 1, '柳道非', '1cd75ca00db28072479992f87d4a647e', '17855452636', 1);
INSERT INTO `login` VALUES ('1628078877198691387', '1628078877198408593', 1, '崔怀逸', '1cd75ca00db28072479992f87d4a647e', '13645425765', 1);
INSERT INTO `login` VALUES ('1628079150705665054', '1628079150705332033', 1, '朱亭晚', '1cd75ca00db28072479992f87d4a647e', '13455642754', 1);
INSERT INTO `login` VALUES ('1628079366429741732', '1628079366429940552', 1, '柯文婷', '1cd75ca00db28072479992f87d4a647e', '18844695636', 1);
INSERT INTO `login` VALUES ('1628084808795341880', '1628084808795360591', 1, '武', '1cd75ca00db28072479992f87d4a647e', '13563257452', 1);
INSERT INTO `login` VALUES ('1628086153878126560', '1628086153878977047', 1, 'dd2', '1cd75ca00db28072479992f87d4a647e', '13352635269', 1);

-- ----------------------------
-- Table structure for news
-- ----------------------------
DROP TABLE IF EXISTS `news`;
CREATE TABLE `news`  (
                         `id` varchar(64) CHARACTER SET utf8mb4 COLLATE utf8mb4_general_ci NOT NULL COMMENT '新闻id',
                         `newstitle` varchar(255) CHARACTER SET utf8mb4 COLLATE utf8mb4_general_ci NULL DEFAULT NULL COMMENT '新闻标题',
                         `newsdesc` varchar(255) CHARACTER SET utf8mb4 COLLATE utf8mb4_general_ci NULL DEFAULT NULL COMMENT '新闻简介',
                         `newscontent` longtext CHARACTER SET utf8mb4 COLLATE utf8mb4_general_ci NULL COMMENT '新闻内容',
                         `createtime` timestamp(0) NULL DEFAULT CURRENT_TIMESTAMP(0) COMMENT '发布时间',
                         `username` varchar(255) CHARACTER SET utf8mb4 COLLATE utf8mb4_general_ci NULL DEFAULT NULL COMMENT '新闻发布者',
                         `image` varchar(255) CHARACTER SET utf8mb4 COLLATE utf8mb4_general_ci NULL DEFAULT NULL COMMENT '新闻简介图',
                         `newsstatus` int(10) NULL DEFAULT 1 COMMENT '1正常  2删除',
                         `rednumber` int(10) NULL DEFAULT 0 COMMENT '浏览量',
                         PRIMARY KEY (`id`) USING BTREE
) ENGINE = InnoDB CHARACTER SET = utf8mb4 COLLATE = utf8mb4_general_ci ROW_FORMAT = Dynamic;

-- ----------------------------
-- Records of news
-- ----------------------------
INSERT INTO `news` VALUES ('1587195192937820552', '校园二手商城上线啦', '校园二手商城上线啦：环保公益两不误，与你相约在校园二手商城', '<p>校园二手商城上线，欢迎同学们注册使用，我们的口号是：<span>环保公益两不误，与你相约在校园二手商城。</span></p>', '2020-04-18 15:33:12', '猫给这儿', '/pic/4dd1b2b01a5148ae93731906073aab2d.jpg', 1, 21);
INSERT INTO `news` VALUES ('1587195902011331190', '校园二手商铺招贤纳士', '了能够更好、更快的为同学们服务，以及让更多同学的闲置商品不再成为闲置，让更多的同学知道我们这个平台', '<p>为了能够更好、更快的为同学们服务，以及让更多同学的闲置商品不再成为闲置，让更多的同学知道我们这个平台，我们决定招收热心、负责、具有良好的沟通能力的推广人员。</p><p>岗位职责</p><p>以活跃用户、发展新用户为目标导向，策划线上、线下营销活动，并对活动主题及创意进行包装；</p><p><br></p><p>围绕部门的推广计划、推广策略、商务合作计划等，制定各类活动方案，并组织实施；</p><p><br></p><p>监控具体活动执行效果，及时总结汇报，并提出相应活动优化方案；</p><p><br></p><p>独立撰写各类新闻稿、创意广告、宣传推广软文；</p><p><br></p><p>负责公司产品推广宣传册，活动礼品、物料的采购；</p><p><br></p><p>搜集、整理和分析竞品信息，了解市场竞争趋势，定期统计、分析各类数据，提供市场分析报告，为上级提供决策依据。</p><p><br></p>', '2020-04-18 15:45:02', '猫给这儿', '/pic/e179f1fc8a4e41b78449d20f5c5ff6c3.jpg', 1, 35);
INSERT INTO `news` VALUES ('1587198376975919635', '校园二手商城常见问题', '校园二手商城常见问题汇总：校园二手商城销售的商品来源的渠道是什么呢？你们的维修售后怎么保障的？关于本站用户关于交易', '<p>1、校园二手商城销售的商品来源的渠道是什么呢？</p><p>校园二手商城所销售的设备均来自于合法正规渠道，包括但不限于顾客闲置、国内专业回收机构等，从源头保证机器处于良好的使用状态。请您放心购买。</p><p>2、你们的维修售后怎么保障的？</p><p>校园二手商城不负责商品的售后服务，商品的售后服务请联系卖家。</p><p>3、关于本站用户</p><p>本站用户基本都是各个高校大学生，学校名称，姓名、性别必须与学生证与身份证信息一致。</p><p>4、关于交易</p><p>目前不支持线上交易，用户自行线下交易，本网站对此概不负责 。</p>', '2020-04-18 16:26:17', '猫给这儿', '/pic/26b019d2b5484ef981a7bbdf857e12bb.jpg', 1, 54);
INSERT INTO `news` VALUES ('1587368182859188837', '测试', '大大大大', '法发噶阿嘎', '2020-04-20 15:36:22', '猫给这儿', '/pic/42f523dc83864c5ab1f67268dbe45cc1.jpg', 2, 1);

-- ----------------------------
-- Table structure for notices
-- ----------------------------
DROP TABLE IF EXISTS `notices`;
CREATE TABLE `notices`  (
                            `id` varchar(64) CHARACTER SET utf8mb4 COLLATE utf8mb4_general_ci NOT NULL COMMENT '通知id',
                            `userid` varchar(64) CHARACTER SET utf8mb4 COLLATE utf8mb4_general_ci NULL DEFAULT NULL COMMENT '用户id',
                            `whys` varchar(255) CHARACTER SET utf8mb4 COLLATE utf8mb4_general_ci NULL DEFAULT NULL COMMENT '通知内容',
                            `isread` int(10) NULL DEFAULT 0 COMMENT '是否阅读 0未阅读 1已阅读',
                            `tpname` varchar(255) CHARACTER SET utf8mb4 COLLATE utf8mb4_general_ci NULL DEFAULT NULL COMMENT '通知类型',
                            `nttime` timestamp(0) NULL DEFAULT CURRENT_TIMESTAMP(0) COMMENT '通知时间',
                            `latest` int(10) NULL DEFAULT 1 COMMENT '是否为新通知 1是 2不是',
                            PRIMARY KEY (`id`) USING BTREE
) ENGINE = InnoDB CHARACTER SET = utf8mb4 COLLATE = utf8mb4_general_ci ROW_FORMAT = Dynamic;

-- ----------------------------
-- Records of notices
-- ----------------------------
INSERT INTO `notices` VALUES ('1628082739834462809', '1628076567934159756', '您的商品 <a href=/product-detail/1628082739694175914 style=\"color:#08bf91\" target=\"_blank\" >【全新】雅马哈F600吉他升级版</a> 进入待审核队列，请您耐心等待。', 0, '商品审核', '2021-08-04 21:12:19', 2);
INSERT INTO `notices` VALUES ('1628082814320762508', '1628076567934159756', '您的商品 <a href=/product-detail/1628082814211936965 style=\"color:#08bf91\" target=\"_blank\" >【99新】任天堂Nintendo Switch</a> 进入待审核队列，请您耐心等待。', 0, '商品审核', '2021-08-04 21:13:34', 2);
INSERT INTO `notices` VALUES ('1628082854249303582', '1628076567934159756', '您的商品 <a href=/product-detail/1628082854171145479 style=\"color:#08bf91\" target=\"_blank\" >二手华为平板M3青春版8英寸64G金色</a> 进入待审核队列，请您耐心等待。', 0, '商品审核', '2021-08-04 21:14:14', 2);
INSERT INTO `notices` VALUES ('1628082884451776383', '1628076567934159756', '您的商品 <a href=/product-detail/1628082883267539007 style=\"color:#08bf91\" target=\"_blank\" >【全新】《Python深度学习》</a> 进入待审核队列，请您耐心等待。', 1, '商品审核', '2021-08-04 21:14:44', 2);
INSERT INTO `notices` VALUES ('1628082956238629948', '1628077153506117891', '您的商品 <a href=/product-detail/1628082956197647762 style=\"color:#08bf91\" target=\"_blank\" >【正版】《大数据架构详解》</a> 进入待审核队列，请您耐心等待。', 0, '商品审核', '2021-08-04 21:15:56', 1);
INSERT INTO `notices` VALUES ('1628083014084743480', '1628077153506117891', '您的商品 <a href=/product-detail/1628083014030364623 style=\"color:#08bf91\" target=\"_blank\" >java面试题打印集</a> 进入待审核队列，请您耐心等待。', 0, '商品审核', '2021-08-04 21:16:54', 1);
INSERT INTO `notices` VALUES ('1628083048533946500', '1628077153506117891', '您的商品 <a href=/product-detail/1628083048402847339 style=\"color:#08bf91\" target=\"_blank\" >【95新】ie3.0pro电竞游戏鼠标</a> 进入待审核队列，请您耐心等待。', 0, '商品审核', '2021-08-04 21:17:28', 1);
INSERT INTO `notices` VALUES ('1628083089442546688', '1628077153506117891', '您的商品 <a href=/product-detail/1628083089342340379 style=\"color:#08bf91\" target=\"_blank\" >【全新原封】NS switch怒之铁拳4游戏</a> 进入待审核队列，请您耐心等待。', 0, '商品审核', '2021-08-04 21:18:09', 1);
INSERT INTO `notices` VALUES ('1628083166689651777', '1628077967847915065', '您的商品 <a href=/product-detail/1628083166640879306 style=\"color:#08bf91\" target=\"_blank\" >【95新】联想ThinkPad T420二手笔记本</a> 进入待审核队列，请您耐心等待。', 0, '商品审核', '2021-08-04 21:19:26', 1);
INSERT INTO `notices` VALUES ('1628083197553118749', '1628077967847915065', '您的商品 <a href=/product-detail/1628083197511635894 style=\"color:#08bf91\" target=\"_blank\" >【95新】华为watch GT 2智能手表</a> 进入待审核队列，请您耐心等待。', 0, '商品审核', '2021-08-04 21:19:57', 1);
INSERT INTO `notices` VALUES ('1628083290124184580', '1628078877198408593', '您的商品 <a href=/product-detail/1628083290082389062 style=\"color:#08bf91\" target=\"_blank\" >【9成新】七彩虹GTX-1050-2G显卡</a> 进入待审核队列，请您耐心等待。', 0, '商品审核', '2021-08-04 21:21:30', 1);
INSERT INTO `notices` VALUES ('1628083331848433651', '1628078877198408593', '您的商品 <a href=/product-detail/1628083331764214009 style=\"color:#08bf91\" target=\"_blank\" >【98新】佳能LISUSMEF百微</a> 进入待审核队列，请您耐心等待。', 0, '商品审核', '2021-08-04 21:22:11', 1);
INSERT INTO `notices` VALUES ('1628083393621320858', '1628079150705332033', '您的商品 <a href=/product-detail/1628083393557834519 style=\"color:#08bf91\" target=\"_blank\" >【95新】iPhone XS二手手机白色全网通64G</a> 进入待审核队列，请您耐心等待。', 0, '商品审核', '2021-08-04 21:23:13', 1);
INSERT INTO `notices` VALUES ('1628083478971275573', '1628079366429940552', '您的商品 <a href=/product-detail/1628083478817148445 style=\"color:#08bf91\" target=\"_blank\" >奈施NICES尤克里里全单23寸C型</a> 进入待审核队列，请您耐心等待。', 0, '商品审核', '2021-08-04 21:24:38', 1);
INSERT INTO `notices` VALUES ('1628083649146754547', '1628079366429940552', '您的商品 <a href=/product-detail/1628083478817148445 style=\"color:#08bf91\" target=\"_blank\" >奈施NICES尤克里里全单23寸C型</a> 已通过审核，快去看看吧。', 0, '商品审核', '2021-08-04 21:27:29', 1);
INSERT INTO `notices` VALUES ('1628083680046769746', '1628077153506117891', '您的商品 <a href=/product-detail/1628082956197647762 style=\"color:#08bf91\" target=\"_blank\" >【正版】《大数据架构详解》</a> 已通过审核，快去看看吧。', 0, '商品审核', '2021-08-04 21:28:00', 1);
INSERT INTO `notices` VALUES ('1628083684502104914', '1628076567934159756', '您的商品 <a href=/product-detail/1628082883267539007 style=\"color:#08bf91\" target=\"_blank\" >【全新】《Python深度学习》</a> 已通过审核，快去看看吧。', 1, '商品审核', '2021-08-04 21:28:04', 2);
INSERT INTO `notices` VALUES ('1628083688444402816', '1628076567934159756', '您的商品 <a href=/product-detail/1628082814211936965 style=\"color:#08bf91\" target=\"_blank\" >【99新】任天堂Nintendo Switch</a> 已通过审核，快去看看吧。', 1, '商品审核', '2021-08-04 21:28:08', 2);
INSERT INTO `notices` VALUES ('1628083691716912132', '1628076567934159756', '您的商品 <a href=/product-detail/1628082739694175914 style=\"color:#08bf91\" target=\"_blank\" >【全新】雅马哈F600吉他升级版</a> 已通过审核，快去看看吧。', 1, '商品审核', '2021-08-04 21:28:11', 2);
INSERT INTO `notices` VALUES ('1628083709913224251', '1628078877198408593', '您的商品 <a href=/product-detail/1628083331764214009 style=\"color:#08bf91\" target=\"_blank\" >【98新】佳能LISUSMEF百微</a> 已通过审核，快去看看吧。', 0, '商品审核', '2021-08-04 21:28:29', 1);
INSERT INTO `notices` VALUES ('1628083715796701775', '1628077153506117891', '您的商品 <a href=/product-detail/1628083048402847339 style=\"color:#08bf91\" target=\"_blank\" >【95新】ie3.0pro电竞游戏鼠标</a> 已通过审核，快去看看吧。', 0, '商品审核', '2021-08-04 21:28:35', 1);
INSERT INTO `notices` VALUES ('1628083722220315360', '1628077153506117891', '您的商品 <a href=/product-detail/1628083089342340379 style=\"color:#08bf91\" target=\"_blank\" >【全新原封】NS switch怒之铁拳4游戏</a> 已通过审核，快去看看吧。', 0, '商品审核', '2021-08-04 21:28:42', 1);
INSERT INTO `notices` VALUES ('1628083760918312461', '1628079150705332033', '您的商品 <a href=/product-detail/1628083393557834519 style=\"color:#08bf91\" target=\"_blank\" >【95新】iPhone XS二手手机白色全网通64G</a> 已通过审核，快去看看吧。', 0, '商品审核', '2021-08-04 21:29:20', 1);
INSERT INTO `notices` VALUES ('1628083781204129846', '1628077967847915065', '您的商品 <a href=/product-detail/1628083197511635894 style=\"color:#08bf91\" target=\"_blank\" >【95新】华为watch GT 2智能手表</a> 已通过审核，快去看看吧。', 0, '商品审核', '2021-08-04 21:29:41', 1);
INSERT INTO `notices` VALUES ('1628083850358669738', '1628079150705332033', '您的商品 <a href=/product-detail/1628083850310950048 style=\"color:#08bf91\" target=\"_blank\" >【95新】尼康D3000</a> 进入待审核队列，请您耐心等待。', 0, '商品审核', '2021-08-04 21:30:50', 1);

-- ----------------------------
-- Table structure for orderrecord
-- ----------------------------
DROP TABLE IF EXISTS `orderrecord`;
CREATE TABLE `orderrecord`  (
                                `id` varchar(100) CHARACTER SET utf8 COLLATE utf8_general_ci NOT NULL COMMENT '主键，订单id',
                                `commid` varchar(100) CHARACTER SET utf8 COLLATE utf8_general_ci NOT NULL COMMENT '商品id，商品的唯一标识',
                                `commname` varchar(255) CHARACTER SET utf8 COLLATE utf8_general_ci NULL DEFAULT NULL COMMENT '商品名称',
                                `commdesc` varchar(255) CHARACTER SET utf8 COLLATE utf8_general_ci NULL DEFAULT NULL COMMENT '商品描述',
                                `thinkmoney` decimal(55, 2) NULL DEFAULT NULL COMMENT '售价',
                                `soldtime` timestamp(0) NULL DEFAULT NULL COMMENT '售出时间，以卖家售出操作为准',
                                `buyerid` varchar(120) CHARACTER SET utf8 COLLATE utf8_general_ci NOT NULL COMMENT '买家id',
                                `buyername` varchar(255) CHARACTER SET utf8 COLLATE utf8_general_ci NULL DEFAULT NULL COMMENT '买家用户名',
                                `sellerid` varchar(120) CHARACTER SET utf8 COLLATE utf8_general_ci NOT NULL COMMENT '卖家id',
                                `sellername` varchar(255) CHARACTER SET utf8 COLLATE utf8_general_ci NULL DEFAULT NULL COMMENT '卖家用户名',
                                `orderstatus` int(100) NULL DEFAULT 0 COMMENT '订单状态。新订单0、已支付1、已发货2、已收货3、已售出4、已完成5、已取消6',
                                `startobuyer` int(12) NULL DEFAULT 0 COMMENT '给买家的评分',
                                `startoseller` int(12) NULL DEFAULT 0 COMMENT '给卖家的评分',
                                PRIMARY KEY (`id`) USING BTREE
) ENGINE = InnoDB CHARACTER SET = utf8 COLLATE = utf8_general_ci ROW_FORMAT = Dynamic;

-- ----------------------------
-- Records of orderrecord
-- ----------------------------
INSERT INTO `orderrecord` VALUES ('1586773115334362712', '1628082739694175914', '【99新】任天堂Nintendo Switch\r\n', '吉他在正规授权专卖店购入，原价1000多，官网可查，保修卡，合格证，说明书，防伪编码，原装盒编码一应俱全，支持专卖店鉴定，保证正品！原装雅马哈背包，配件，中日文说明书，保修卡，包装盒，票据，新手书教程都一应俱全。https://www.yamaha.com.cn/products/show/583/', 1399.00, '2021-08-05 12:11:24', '1628077153506117891', '岳照琴', '1628076567934159756', '施随川', 4, 0, 0);
INSERT INTO `orderrecord` VALUES ('1586773281001490360', '1628083197511635894', '【95新】华为watch GT 2智能手表', '大陆国行基本版（gps版）不锈钢银色46mm，无网络锁卡贴机，原装电池，原装充电座https://detail.tmall.com/item.htm?spm=a220m.1000858.1000725.116.3fe8637adm1DEN&id=604069547175', 1199.00, '2021-08-05 11:22:34', '1628076567934159756', '施随川', '1628077967847915065', '柳道非', 2, 0, 0);

-- ----------------------------
-- Table structure for reply
-- ----------------------------
DROP TABLE IF EXISTS `reply`;
CREATE TABLE `reply`  (
                          `rid` varchar(64) CHARACTER SET utf8mb4 COLLATE utf8mb4_general_ci NOT NULL COMMENT '回复id',
                          `cid` varchar(64) CHARACTER SET utf8mb4 COLLATE utf8mb4_general_ci NOT NULL COMMENT '评论id',
                          `commid` varchar(64) CHARACTER SET utf8mb4 COLLATE utf8mb4_general_ci NOT NULL COMMENT '商品id',
                          `cuserid` varchar(64) CHARACTER SET utf8mb4 COLLATE utf8mb4_general_ci NOT NULL COMMENT '被回复用户id',
                          `spuserid` varchar(64) CHARACTER SET utf8mb4 COLLATE utf8mb4_general_ci NULL DEFAULT NULL COMMENT '商品发布者id',
                          `recontent` varchar(255) CHARACTER SET utf8mb4 COLLATE utf8mb4_general_ci NULL DEFAULT NULL COMMENT '回复内容',
                          `ruserid` varchar(64) CHARACTER SET utf8mb4 COLLATE utf8mb4_general_ci NOT NULL COMMENT '回复者id',
                          `replytime` timestamp(0) NULL DEFAULT CURRENT_TIMESTAMP(0) COMMENT '回复时间',
                          `repstatus` int(10) NULL DEFAULT 1 COMMENT '0异常 1正常 2删除',
                          PRIMARY KEY (`rid`) USING BTREE
) ENGINE = InnoDB CHARACTER SET = utf8mb4 COLLATE = utf8mb4_general_ci ROW_FORMAT = Dynamic;

-- ----------------------------
-- Records of reply
-- ----------------------------
INSERT INTO `reply` VALUES ('1', '1', '1577792919764240135', '1582184795951594874', '1577713712942250291', '嗯呢', '1577713712942250291', '2020-02-24 22:54:11', 1);
INSERT INTO `reply` VALUES ('1588262384743447563', '1588251204811301252', '1583939483587193411', '1577713712942250291', '1582184795951594874', '可以呀，我这车子很新的', '1582184795951594874', '2020-04-30 23:59:44', 1);
INSERT INTO `reply` VALUES ('1614226529645282498', '1614226508675446955', '1583940546885846474', '1577713712942250291', '1582184795951594874', '222', '1582184795951594874', '2021-02-25 12:15:29', 1);

-- ----------------------------
-- Table structure for school
-- ----------------------------
DROP TABLE IF EXISTS `school`;
CREATE TABLE `school`  (
                           `id` varchar(50) CHARACTER SET utf8 COLLATE utf8_general_ci NOT NULL,
                           `schoolcode` varchar(50) CHARACTER SET utf8 COLLATE utf8_general_ci NULL DEFAULT NULL COMMENT '学校代号',
                           `schoolname` varchar(255) CHARACTER SET utf8 COLLATE utf8_general_ci NOT NULL COMMENT '学校名称',
                           `status` int(10) NULL DEFAULT 1 COMMENT '表示学校状态，0为删除，默认为1正常',
                           PRIMARY KEY (`id`) USING BTREE
) ENGINE = InnoDB CHARACTER SET = utf8 COLLATE = utf8_general_ci ROW_FORMAT = Dynamic;

-- ----------------------------
-- Records of school
-- ----------------------------
INSERT INTO `school` VALUES ('1', '10558', '中山大学', 1);
INSERT INTO `school` VALUES ('10', '10573', '广东药科大学', 1);
INSERT INTO `school` VALUES ('11', '10574', '华南师范大学', 1);
INSERT INTO `school` VALUES ('12', '10576', '韶关学院', 1);
INSERT INTO `school` VALUES ('13', '10577', '惠州学院', 1);
INSERT INTO `school` VALUES ('14', '10578', '韩山师范学院', 1);
INSERT INTO `school` VALUES ('15', '10579', '湛江师范学院', 1);
INSERT INTO `school` VALUES ('16', '10580', '肇庆学院', 1);
INSERT INTO `school` VALUES ('17', '10582', '嘉应学院', 1);
INSERT INTO `school` VALUES ('18', '10585', '广州体育学院', 1);
INSERT INTO `school` VALUES ('19', '10586', '广州美术学院', 1);
INSERT INTO `school` VALUES ('2', '10559', '暨南大学', 1);
INSERT INTO `school` VALUES ('20', '10587', '星海音乐学院', 1);
INSERT INTO `school` VALUES ('21', '10588', '广东技术师范大学', 1);
INSERT INTO `school` VALUES ('22', '10590', '深圳大学', 1);
INSERT INTO `school` VALUES ('23', '10592', '广东财经大学', 1);
INSERT INTO `school` VALUES ('24', '11078', '广州大学', 1);
INSERT INTO `school` VALUES ('25', '11106', '广州航海学院', 1);
INSERT INTO `school` VALUES ('26', '11110', '广东警官学院', 1);
INSERT INTO `school` VALUES ('27', '11113', '深圳职业技术学院', 1);
INSERT INTO `school` VALUES ('28', '11114', '广东南华工商职业学院', 1);
INSERT INTO `school` VALUES ('29', '11121', '私立华联学院', 1);
INSERT INTO `school` VALUES ('3', '10560', '汕头大学', 1);
INSERT INTO `school` VALUES ('30', '11347', '仲恺农业工程学院', 1);
INSERT INTO `school` VALUES ('31', '11349', '五邑大学', 1);
INSERT INTO `school` VALUES ('32', '11540', '广东金融学院', 1);
INSERT INTO `school` VALUES ('33', '11656', '广东石油化工学院', 1);
INSERT INTO `school` VALUES ('34', '11819', '东莞理工学院', 1);
INSERT INTO `school` VALUES ('35', '11846', '广东外语外贸大学', 1);
INSERT INTO `school` VALUES ('36', '11845', '广东工业大学', 1);
INSERT INTO `school` VALUES ('37', '12121', '南方医科大学', 1);
INSERT INTO `school` VALUES ('38', '12957', '深圳信息职业技术学院', 1);
INSERT INTO `school` VALUES ('39', '13177', '北京师范大学珠海分校', 1);
INSERT INTO `school` VALUES ('4', '10561', '华南理工大学', 1);
INSERT INTO `school` VALUES ('40', '13675', '北京理工大学珠海学院', 1);
INSERT INTO `school` VALUES ('41', '13684', '珠海科技学院', 1);
INSERT INTO `school` VALUES ('42', '11545', '电子科技大学中山学院', 1);
INSERT INTO `school` VALUES ('43', '13712', '茂名职业技术学院', 1);
INSERT INTO `school` VALUES ('44', '12772', '河源职业技术学院', 1);
INSERT INTO `school` VALUES ('5', '10564', '华南农业大学', 1);
INSERT INTO `school` VALUES ('6', '10566', '广东海洋大学', 1);
INSERT INTO `school` VALUES ('7', '10570', '广州医科大学', 1);
INSERT INTO `school` VALUES ('8', '10571', '广东医科大学', 1);
INSERT INTO `school` VALUES ('9', '10572', '广州中医药大学', 1);

-- ----------------------------
-- Table structure for soldrecord
-- ----------------------------
DROP TABLE IF EXISTS `soldrecord`;
CREATE TABLE `soldrecord`  (
                               `id` varchar(64) CHARACTER SET utf8mb4 COLLATE utf8mb4_general_ci NOT NULL COMMENT '售出记录id',
                               `commid` varchar(64) CHARACTER SET utf8mb4 COLLATE utf8mb4_general_ci NOT NULL COMMENT '商品id',
                               `commname` varchar(255) CHARACTER SET utf8mb4 COLLATE utf8mb4_general_ci NULL DEFAULT NULL COMMENT '商品名',
                               `commdesc` varchar(255) CHARACTER SET utf8mb4 COLLATE utf8mb4_general_ci NULL DEFAULT NULL COMMENT '商品描述',
                               `thinkmoney` decimal(55, 2) NULL DEFAULT NULL COMMENT '售价',
                               `soldtime` timestamp NULL DEFAULT CURRENT_TIMESTAMP COMMENT '售出时间',
                               `userid` varchar(64) CHARACTER SET utf8mb4 COLLATE utf8mb4_general_ci NOT NULL COMMENT '卖家用户id',
                               `soldstatus` int(10) NULL DEFAULT 1 COMMENT '1正常 2删除',
                               PRIMARY KEY (`id`) USING BTREE
) ENGINE = InnoDB CHARACTER SET = utf8mb4 COLLATE = utf8mb4_general_ci ROW_FORMAT = DYNAMIC;

-- ----------------------------
-- Records of soldrecord
-- ----------------------------
INSERT INTO `soldrecord` VALUES ('1586773115334362712', '1583937754237685707', '湘鑫宏日式垃圾桶', '湘鑫宏日式垃圾桶北欧家用垃圾篓大号厕所时尚筒带盖小卫生间创意简约干湿分类压圈垃圾桶 日系白色印花小鹿', 10.00, '2020-04-13 18:18:35', '1582184795951594874', 1);
INSERT INTO `soldrecord` VALUES ('1586773281001490360', '1583938501381902202', '南极人2020春季新款男士韩版休闲牛仔外套', '南极人2020春季新款男士韩版休闲牛仔外套潮流秋冬装ins港仔文艺夹克上衣服 605白黑【单件】 XL/120-135斤', 85.00, '2020-04-13 18:21:21', '1582184795951594874', 1);
INSERT INTO `soldrecord` VALUES ('1587889176015334502', '1583940546885846474', '爱玛电动车 小爱蜜', '爱玛电动车 小爱蜜 电动自行车学生代步电瓶车 前后真空胎 带脚踏 加长舒适后减震 3C大证 新国标 奶白咖啡 新国标', 1200.00, '2020-04-26 16:19:36', '1582184795951594874', 1);
INSERT INTO `soldrecord` VALUES ('1627744719982928281', '1583937436355876950', '活着', '书名：活着 该本书是25周年典藏纪念版 余华小说作品集', 10.00, '2021-07-31 23:18:40', '1582184795951594874', 1);

-- ----------------------------
-- Table structure for user_info
-- ----------------------------
DROP TABLE IF EXISTS `user_info`;
CREATE TABLE `user_info`  (
                              `userid` varchar(64) CHARACTER SET utf8mb4 COLLATE utf8mb4_general_ci NOT NULL COMMENT '用户id',
                              `username` varchar(255) CHARACTER SET utf8mb4 COLLATE utf8mb4_general_ci NOT NULL COMMENT '用户昵称',
                              `password` varchar(255) CHARACTER SET utf8mb4 COLLATE utf8mb4_general_ci NOT NULL COMMENT '用户密码',
                              `star` double(20, 2) NULL DEFAULT 3.00 COMMENT '评分',
  `mobilephone` varchar(255) CHARACTER SET utf8mb4 COLLATE utf8mb4_general_ci NULL DEFAULT NULL COMMENT '手机号',
  `email` varchar(255) CHARACTER SET utf8mb4 COLLATE utf8mb4_general_ci NULL DEFAULT NULL COMMENT '用户邮箱',
  `uimage` varchar(255) CHARACTER SET utf8mb4 COLLATE utf8mb4_general_ci NULL DEFAULT NULL COMMENT '用户头像',
  `sex` varchar(255) CHARACTER SET utf8mb4 COLLATE utf8mb4_general_ci NULL DEFAULT NULL COMMENT '用户性别',
  `school` varchar(255) CHARACTER SET utf8mb4 COLLATE utf8mb4_general_ci NULL DEFAULT NULL COMMENT '学校',
  `faculty` varchar(255) CHARACTER SET utf8mb4 COLLATE utf8mb4_general_ci NULL DEFAULT NULL COMMENT '院系',
  `startime` varchar(4) CHARACTER SET utf8mb4 COLLATE utf8mb4_general_ci NULL DEFAULT NULL COMMENT '入学时间',
  `userstatus` int(10) NULL DEFAULT 1 COMMENT '1正常 0封号',
  `createtime` timestamp(0) NULL DEFAULT CURRENT_TIMESTAMP(0) COMMENT '注册时间',
  `status` varchar(255) CHARACTER SET utf8mb4 COLLATE utf8mb4_general_ci NULL DEFAULT 'offline' COMMENT '用户状态',
  `sign` varchar(255) CHARACTER SET utf8mb4 COLLATE utf8mb4_general_ci NULL DEFAULT NULL COMMENT '个性签名',
  `stuidcard` varchar(255) CHARACTER SET utf8mb4 COLLATE utf8mb4_general_ci NULL DEFAULT NULL COMMENT '学生证图片路径',
  `applyschoolstatus` int(10) NULL DEFAULT 0 COMMENT '是否申请了新增学校。0没有申请，1申请了待审核，2已通过',
  PRIMARY KEY (`userid`) USING BTREE
) ENGINE = InnoDB CHARACTER SET = utf8mb4 COLLATE = utf8mb4_general_ci ROW_FORMAT = Dynamic;

-- ----------------------------
-- Records of user_info
-- ----------------------------
INSERT INTO `user_info` VALUES ('1577713712942250291', '理木客', '1cd75ca00db28072479992f87d4a647e', 3.00, '15239670411', '123456781@qq.com', '/pic/xz_1582081544527.png', '男', '清华大学', '软件学院', '2017', 1, '2019-12-30 21:53:26', 'offline', '如此清秋何吝酒，这般明月不须钱', NULL, 0);
INSERT INTO `user_info` VALUES ('1582184795951594874', '猫儿', '1cd75ca00db28072479992f87d4a647e', 3.00, '15239670412', '123456782@qq.com', '/pic/2d885a22918841c99c685379f0f4ce41.jpg', '男', '清华大学', '软件学院', '2017', 1, '2020-02-20 15:46:35', 'offline', '如此清秋何吝酒，这般明月不须钱', NULL, 0);
INSERT INTO `user_info` VALUES ('1587889073148226284', '鱼与飞鸟', '1cd75ca00db28072479992f87d4a647e', 3.00, '123456783', '123456783@qq.com', '/pic/d1d66c3ea71044a9b938b00859ca94df.jpg', '女', '北京大学', '音乐学院', '2016', 1, '2020-04-26 16:17:53', 'offline', '如此清秋何吝酒，这般明月不须钱', NULL, 0);
INSERT INTO `user_info` VALUES ('1589627579283677652', '木子', '1cd75ca00db28072479992f87d4a647e', 3.00, '123456784', '123456784@qq.com', '/pic/d1d66c3ea71044a9b938b00859ca94df.jpg', '女', '北京大学', '美术学院', '2016', 1, '2020-05-16 19:12:59', 'offline', '如此清秋何吝酒，这般明月不须钱', NULL, 0);
INSERT INTO `user_info` VALUES ('1589628308220845788', 'admin', '1cd75ca00db28072479992f87d4a647e', 3.00, 'admin', '123456785@qq.com', '/pic/d1d66c3ea71044a9b938b00859ca94df.jpg', '女', '北京大学', '美术学院', '2016', 1, '2020-05-16 19:28:05', 'offline', '如此清秋何吝酒，这般明月不须钱', NULL, 0);
INSERT INTO `user_info` VALUES ('1589644044287166342', 'Rose', '1cd75ca00db28072479992f87d4a647e', 3.00, '123456785', '123456786@qq.com', '/pic/0bbe6324950541daa751fa50f89e9cff.png', '女', '北京大学', '贸易经济学院', '2019', 1, '2020-05-16 23:47:24', 'offline', '如此清秋何吝酒，这般明月不须钱', NULL, 0);
INSERT INTO `user_info` VALUES ('1589680953404254146', '种鱼的猫猫', '1cd75ca00db28072479992f87d4a647e', 3.00, '15239670413', '123456787@qq.com', '/pic/d1d66c3ea71044a9b938b00859ca94df.jpg', '女', '首都医科大学', '护理学院', '2019', 1, '2020-05-17 10:02:33', 'offline', '如此清秋何吝酒，这般明月不须钱', NULL, 0);
INSERT INTO `user_info` VALUES ('1589694955949934523', '那些年', '1cd75ca00db28072479992f87d4a647e', 3.00, '15239670414', '123456788@qq.com', '/pic/d1d66c3ea71044a9b938b00859ca94df.jpg', '男', '清华大学', '计算机', '2020', 1, '2020-05-17 13:55:55', 'offline', '如此清秋何吝酒，这般明月不须钱', NULL, 0);
INSERT INTO `user_info` VALUES ('1628076567934159756', '施随川', '1cd75ca00db28072479992f87d4a647e', 3.00, '13656745696', '1245025412@qq.com', '/pic/b9f458f4f9b04b4abfd74cdc7ec99cc3.jpg', '男', '华南师范大学', '软件学院', '2018', 1, '2021-08-04 19:29:27', 'offline', '人生得意须尽欢，莫使金樽空对月\r\n小舟从此逝，江海寄余生', '/pic/e198ae07ebf64c2fb72bf7ac7748c4f9.jpg', 0);
INSERT INTO `user_info` VALUES ('1628077153506117891', '岳照琴', '1cd75ca00db28072479992f87d4a647e', 3.00, '18758545825', '9645265845@qq.com', '/pic/426acd1be3d14b6eb41b558509cad2f1.jpg', '女', '暨南大学', '法学院', '2019', 1, '2021-08-04 19:39:13', 'offline', '诗酒趁年华', '/pic/c8e353085d154147b5321db5cd37d89d.jpg', 0);
INSERT INTO `user_info` VALUES ('1628077967847915065', '柳道非', '1cd75ca00db28072479992f87d4a647e', 3.00, '17855452636', '8785459635@qq.com', '/pic/e5256710ea994b978d9fbbc2e54d5e85.jpg', '男', '中山大学', '计算机学院', '2020', 1, '2021-08-04 19:52:47', 'offline', '人生得意须尽欢，莫使金樽空对月', '/pic/f90b97b98a564df8a6f35bc83e747af0.jpg', 0);
INSERT INTO `user_info` VALUES ('1628078877198408593', '崔怀逸', '1cd75ca00db28072479992f87d4a647e', 3.00, '13645425765', '5456251435@qq.com', '/pic/3d828acc4da24a9bbd04ae7a09b4d2a2.jpg', '男', '华南理工大学', '机械与汽车工程学院', '2017', 1, '2021-08-04 20:07:57', 'offline', '独立天地间，清风洒兰雪。', '/pic/376f747e4d384a9284e9bf6a170be3ba.jpg', 0);
INSERT INTO `user_info` VALUES ('1628079150705332033', '朱亭晚', '1cd75ca00db28072479992f87d4a647e', 3.00, '13455642754', '2256329765@qq.com', '/pic/2d39b860be5240619d195b95cb806eff.jpg', '女', '华南农业大学', '生命科学学院', '2020', 1, '2021-08-04 20:12:30', 'offline', '愿逐月华流照君', '/pic/af9d94f73a98479ead991c002206a415.jpg', 0);
INSERT INTO `user_info` VALUES ('1628079366429940552', '柯文婷', '1cd75ca00db28072479992f87d4a647e', 3.00, '18844695636', '3365658435@qq.com', '/pic/b475f3da8b014643bb0d10533553c91e.jpg', '女', '华南师范大学', '国际商学院', '2019', 1, '2021-08-04 20:16:06', 'offline', '起舞弄清影', '/pic/02cacdb5d3e54381a52e2d084cd7a253.jpg', 0);

-- ----------------------------
-- Table structure for user_perm
-- ----------------------------
DROP TABLE IF EXISTS `user_perm`;
CREATE TABLE `user_perm`  (
                              `roleid` int(10) NULL DEFAULT NULL COMMENT '1普通用户 2管理员 3超级管理员',
                              `perms` varchar(255) CHARACTER SET utf8mb4 COLLATE utf8mb4_general_ci NULL DEFAULT NULL COMMENT '对应权限',
                              `mean` varchar(255) CHARACTER SET utf8mb4 COLLATE utf8mb4_general_ci NULL DEFAULT NULL COMMENT '权限解释'
) ENGINE = InnoDB CHARACTER SET = utf8mb4 COLLATE = utf8mb4_general_ci ROW_FORMAT = Dynamic;

-- ----------------------------
-- Records of user_perm
-- ----------------------------
INSERT INTO `user_perm` VALUES (1, 'user:userinfo', '用户个人信息');
INSERT INTO `user_perm` VALUES (3, 'admin:set', '设置管理员');
INSERT INTO `user_perm` VALUES (2, 'user:userinfo', '用户个人信息');

-- ----------------------------
-- Table structure for user_role
-- ----------------------------
DROP TABLE IF EXISTS `user_role`;
CREATE TABLE `user_role`  (
                              `userid` varchar(64) CHARACTER SET utf8mb4 COLLATE utf8mb4_general_ci NOT NULL COMMENT '用户id',
                              `roleid` int(10) NOT NULL DEFAULT 1 COMMENT '1普通用户 2管理员 3超级管理员',
                              `identity` varchar(255) CHARACTER SET utf8mb4 COLLATE utf8mb4_general_ci NULL DEFAULT NULL COMMENT '身份',
                              PRIMARY KEY (`userid`) USING BTREE
) ENGINE = InnoDB CHARACTER SET = utf8mb4 COLLATE = utf8mb4_general_ci ROW_FORMAT = Dynamic;

-- ----------------------------
-- Records of user_role
-- ----------------------------
INSERT INTO `user_role` VALUES ('11102184795951594874', 2, '管理员');
INSERT INTO `user_role` VALUES ('12309884795951575474', 1, '网站用户');
INSERT INTO `user_role` VALUES ('1577713712942250291', 2, '管理员');
INSERT INTO `user_role` VALUES ('1582184795951594874', 2, '管理员');
INSERT INTO `user_role` VALUES ('1587889073148226284', 1, '网站用户');
INSERT INTO `user_role` VALUES ('1589627579283677652', 1, '网站用户');
INSERT INTO `user_role` VALUES ('1589628308220845788', 3, '超级管理员');
INSERT INTO `user_role` VALUES ('1589644044287166342', 1, '网站用户');
INSERT INTO `user_role` VALUES ('1589680953404254146', 1, '网站用户');
INSERT INTO `user_role` VALUES ('1589694955949934523', 1, '网站用户');
INSERT INTO `user_role` VALUES ('1627978072600667851', 1, '网站用户');
INSERT INTO `user_role` VALUES ('1627990178131600228', 1, '网站用户');
INSERT INTO `user_role` VALUES ('1627990527168969285', 1, '网站用户');
INSERT INTO `user_role` VALUES ('1627991154887936809', 1, '网站用户');
INSERT INTO `user_role` VALUES ('1627991855756197292', 1, '网站用户');
INSERT INTO `user_role` VALUES ('1627993054732211470', 1, '网站用户');
INSERT INTO `user_role` VALUES ('1627993335657560474', 1, '网站用户');
INSERT INTO `user_role` VALUES ('1627994069030961201', 1, '网站用户');
INSERT INTO `user_role` VALUES ('1627995378018459326', 1, '网站用户');
INSERT INTO `user_role` VALUES ('1627995656117899053', 1, '网站用户');
INSERT INTO `user_role` VALUES ('1627999003681355345', 1, '网站用户');
INSERT INTO `user_role` VALUES ('1627999739772969073', 1, '网站用户');
INSERT INTO `user_role` VALUES ('1628000084469960259', 1, '网站用户');
INSERT INTO `user_role` VALUES ('1628000486717212514', 1, '网站用户');
INSERT INTO `user_role` VALUES ('1628000680780553297', 1, '网站用户');
INSERT INTO `user_role` VALUES ('1628000798769526356', 1, '网站用户');
INSERT INTO `user_role` VALUES ('1628000875524671525', 1, '网站用户');
INSERT INTO `user_role` VALUES ('1628003091461292916', 1, '网站用户');
INSERT INTO `user_role` VALUES ('1628004649047375624', 1, '网站用户');
INSERT INTO `user_role` VALUES ('1628005549944601849', 1, '网站用户');
INSERT INTO `user_role` VALUES ('1628006113123793004', 1, '网站用户');
INSERT INTO `user_role` VALUES ('1628007076083853578', 1, '网站用户');
INSERT INTO `user_role` VALUES ('1628007681127776633', 1, '网站用户');
INSERT INTO `user_role` VALUES ('1628008020685787961', 1, '网站用户');
INSERT INTO `user_role` VALUES ('1628010524113739759', 1, '网站用户');
INSERT INTO `user_role` VALUES ('1628010603975356088', 1, '网站用户');
INSERT INTO `user_role` VALUES ('1628011005316665234', 1, '网站用户');
INSERT INTO `user_role` VALUES ('1628011110788708084', 1, '网站用户');
INSERT INTO `user_role` VALUES ('1628046382890766825', 1, '网站用户');
INSERT INTO `user_role` VALUES ('1628046487488550789', 1, '网站用户');
INSERT INTO `user_role` VALUES ('1628046674684596743', 1, '网站用户');
INSERT INTO `user_role` VALUES ('1628047106283597091', 1, '网站用户');
INSERT INTO `user_role` VALUES ('1628047157616927363', 1, '网站用户');
INSERT INTO `user_role` VALUES ('1628047269280902172', 1, '网站用户');
INSERT INTO `user_role` VALUES ('1628047803033216343', 1, '网站用户');
INSERT INTO `user_role` VALUES ('1628048276270475727', 1, '网站用户');
INSERT INTO `user_role` VALUES ('1628048712099365151', 1, '网站用户');
INSERT INTO `user_role` VALUES ('1628057088760782342', 1, '网站用户');
INSERT INTO `user_role` VALUES ('1628063493656683964', 1, '网站用户');
INSERT INTO `user_role` VALUES ('1628063701257839913', 1, '网站用户');
INSERT INTO `user_role` VALUES ('1628063899811559975', 1, '网站用户');
INSERT INTO `user_role` VALUES ('1628063994692503378', 1, '网站用户');
INSERT INTO `user_role` VALUES ('1628064123273549178', 1, '网站用户');
INSERT INTO `user_role` VALUES ('1628070764339312370', 1, '网站用户');
INSERT INTO `user_role` VALUES ('1628070900956104611', 1, '网站用户');
INSERT INTO `user_role` VALUES ('1628071045176180676', 1, '网站用户');
INSERT INTO `user_role` VALUES ('1628072289507453033', 1, '网站用户');
INSERT INTO `user_role` VALUES ('1628072667182776326', 1, '网站用户');
INSERT INTO `user_role` VALUES ('1628072978354662904', 1, '网站用户');
INSERT INTO `user_role` VALUES ('1628073094232393054', 1, '网站用户');
INSERT INTO `user_role` VALUES ('1628073277975971755', 1, '网站用户');
INSERT INTO `user_role` VALUES ('1628073529496996246', 1, '网站用户');
INSERT INTO `user_role` VALUES ('1628074877229252947', 1, '网站用户');
INSERT INTO `user_role` VALUES ('1628075187566971057', 1, '网站用户');
INSERT INTO `user_role` VALUES ('1628075251418756964', 1, '网站用户');
INSERT INTO `user_role` VALUES ('1628076567934159756', 1, '网站用户');
INSERT INTO `user_role` VALUES ('1628077153506117891', 1, '网站用户');
INSERT INTO `user_role` VALUES ('1628077967847915065', 1, '网站用户');
INSERT INTO `user_role` VALUES ('1628078877198408593', 1, '网站用户');
INSERT INTO `user_role` VALUES ('1628079150705332033', 1, '网站用户');
INSERT INTO `user_role` VALUES ('1628079366429940552', 1, '网站用户');
INSERT INTO `user_role` VALUES ('1628084808795360591', 1, '网站用户');
INSERT INTO `user_role` VALUES ('1628086153878977047', 1, '网站用户');


-- ----------------------------
-- Table structure for traderecord
-- ----------------------------
DROP TABLE IF EXISTS `traderecord`;
CREATE TABLE `traderecord`  (
                                `id` int(11) NOT NULL AUTO_INCREMENT,
                                `from` varchar(255) CHARACTER SET utf8 COLLATE utf8_general_ci NULL DEFAULT NULL COMMENT '资金流出',
                                `to` varchar(255) CHARACTER SET utf8 COLLATE utf8_general_ci NULL DEFAULT NULL COMMENT '资金流入',
                                `money` decimal(55, 2) NULL DEFAULT NULL COMMENT '交易金额',
                                `tradetime` timestamp NULL DEFAULT CURRENT_TIMESTAMP,
                                PRIMARY KEY (`id`) USING BTREE
) ENGINE = InnoDB AUTO_INCREMENT = 1 CHARACTER SET = utf8 COLLATE = utf8_general_ci ROW_FORMAT = DYNAMIC;

-- ----------------------------
-- Table structure for wantedschool
-- ----------------------------
DROP TABLE IF EXISTS `wantedschool`;
CREATE TABLE `wantedschool`  (
                                 `id` varchar(50) CHARACTER SET utf8 COLLATE utf8_general_ci NOT NULL,
                                 `userid` varchar(255) CHARACTER SET utf8 COLLATE utf8_general_ci NOT NULL COMMENT '提交请求的用户id',
                                 `schoolname` varchar(255) CHARACTER SET utf8 COLLATE utf8_general_ci NULL DEFAULT NULL COMMENT '提交的学校',
                                 `schoolcode` varchar(50) CHARACTER SET utf8 COLLATE utf8_general_ci NULL DEFAULT NULL COMMENT '学校代号',
                                 `processstatus` int(255) NULL DEFAULT 0 COMMENT '处理状态，0为未处理，1为已处理',
                                 PRIMARY KEY (`id`) USING BTREE
) ENGINE = InnoDB CHARACTER SET = utf8 COLLATE = utf8_general_ci ROW_FORMAT = Dynamic;

SET FOREIGN_KEY_CHECKS = 1;
